txn_id,customer_id,txn_date,amount,category
1001,1,2025-03-31,7389,Recharge
1002,1,2024-09-08,9947,Travel
1003,1,2024-11-01,4595,Travel
1004,1,2024-02-25,8956,Travel
1005,1,2025-03-16,6507,Investments
1006,1,2025-05-19,3704,Shopping
1007,1,2024-02-23,9751,Travel
1008,1,2024-04-21,1444,Investments
1009,1,2024-06-13,8022,Travel
1010,1,2024-03-18,3977,Food
1011,1,2024-12-27,7211,Shopping
1012,1,2024-12-26,8449,Food
1013,1,2024-11-06,7211,Travel
1014,1,2024-04-19,5133,Travel
1015,1,2025-08-01,1317,Bill Payment
1016,1,2024-09-12,6733,Investments
1017,1,2024-03-08,2124,Bill Payment
1018,1,2024-08-18,5051,Bill Payment
1019,1,2024-09-27,3496,Shopping
1020,2,2024-10-09,2874,Travel
1021,2,2025-03-12,5198,Shopping
1022,2,2024-08-14,2876,Food
1023,2,2024-03-26,2771,Food
1024,2,2025-04-10,7149,Investments
1025,2,2024-05-16,4249,Recharge
1026,2,2024-06-12,4978,Investments
1027,2,2024-07-01,5941,Recharge
1028,2,2025-02-18,1672,Recharge
1029,2,2025-03-14,8018,Bill Payment
1030,2,2025-02-12,9289,Bill Payment
1031,2,2025-07-14,7882,Bill Payment
1032,2,2025-03-05,8102,Investments
1033,2,2024-08-03,8532,Travel
1034,2,2025-08-16,3885,Investments
1035,2,2025-09-02,5425,Travel
1036,2,2025-05-20,8616,Investments
1037,2,2025-01-24,5397,Shopping
1038,2,2024-12-10,2419,Travel
1039,2,2025-06-18,4995,Recharge
1040,2,2025-02-07,7209,Bill Payment
1041,2,2025-01-26,9098,Shopping
1042,3,2024-12-13,4475,Food
1043,3,2024-11-05,6576,Recharge
1044,3,2025-03-26,5526,Bill Payment
1045,3,2024-09-20,9464,Bill Payment
1046,3,2025-06-18,4954,Travel
1047,3,2025-03-26,9004,Shopping
1048,3,2025-05-11,8800,Investments
1049,3,2025-01-30,9041,Bill Payment
1050,3,2024-11-12,2524,Shopping
1051,3,2025-06-04,7625,Shopping
1052,3,2025-05-20,6016,Recharge
1053,3,2025-02-12,7046,Recharge
1054,3,2024-12-08,9698,Travel
1055,3,2024-12-12,6419,Investments
1056,3,2024-10-31,8434,Food
1057,3,2024-10-11,5118,Bill Payment
1058,3,2024-11-23,4155,Bill Payment
1059,3,2025-07-10,9779,Investments
1060,3,2024-09-21,4033,Shopping
1061,3,2024-11-03,8933,Investments
1062,3,2025-04-16,9595,Food
1063,3,2025-08-15,2647,Shopping
1064,4,2025-01-26,4727,Shopping
1065,4,2024-08-02,5952,Investments
1066,4,2024-09-28,9751,Food
1067,4,2024-08-22,1745,Recharge
1068,4,2025-07-18,5786,Shopping
1069,4,2024-09-16,9042,Bill Payment
1070,4,2025-03-23,5658,Travel
1071,4,2025-01-16,8216,Shopping
1072,4,2024-12-02,1841,Travel
1073,4,2024-08-28,2869,Travel
1074,4,2024-09-01,9056,Recharge
1075,4,2024-10-11,1878,Shopping
1076,4,2024-09-07,5978,Shopping
1077,4,2025-05-07,2940,Travel
1078,4,2025-08-27,4697,Recharge
1079,4,2025-03-13,7232,Travel
1080,4,2025-05-23,5871,Travel
1081,4,2025-05-13,6003,Recharge
1082,4,2025-06-03,1986,Investments
1083,5,2024-09-12,4404,Food
1084,5,2024-07-18,2330,Shopping
1085,5,2025-08-27,3847,Bill Payment
1086,5,2024-02-11,3564,Travel
1087,5,2025-06-04,8381,Food
1088,5,2024-10-03,1534,Food
1089,5,2025-05-18,5632,Bill Payment
1090,5,2024-11-05,4824,Investments
1091,5,2025-04-19,4241,Bill Payment
1092,5,2024-09-26,9922,Investments
1093,5,2024-11-07,3441,Shopping
1094,5,2024-04-10,2169,Shopping
1095,5,2025-09-13,6039,Food
1096,5,2024-06-15,8195,Travel
1097,5,2025-03-27,5982,Food
1098,5,2025-08-14,9199,Travel
1099,6,2024-03-05,2317,Travel
1100,6,2024-10-07,6280,Bill Payment
1101,6,2024-09-15,2496,Investments
1102,6,2024-10-26,1339,Recharge
1103,6,2024-07-22,1659,Travel
1104,6,2025-04-21,9502,Food
1105,6,2025-04-15,3973,Investments
1106,6,2024-04-27,9056,Travel
1107,6,2025-03-18,6700,Food
1108,6,2024-05-11,6260,Shopping
1109,6,2025-03-21,6403,Investments
1110,6,2024-11-15,9117,Investments
1111,6,2025-08-10,7561,Bill Payment
1112,6,2024-04-24,8451,Food
1113,6,2024-12-21,5135,Bill Payment
1114,6,2025-07-04,7622,Bill Payment
1115,6,2025-05-12,9889,Travel
1116,6,2024-08-04,1888,Recharge
1117,6,2025-06-18,6927,Investments
1118,6,2024-03-17,8242,Shopping
1119,6,2025-08-09,5375,Shopping
1120,6,2025-04-17,5719,Investments
1121,7,2024-07-19,2989,Investments
1122,7,2025-07-03,4920,Shopping
1123,7,2025-04-13,6091,Bill Payment
1124,7,2024-08-21,7684,Shopping
1125,7,2025-02-26,2858,Bill Payment
1126,7,2025-03-17,3522,Investments
1127,7,2025-03-22,5781,Investments
1128,7,2025-02-02,5479,Travel
1129,7,2024-11-06,8736,Travel
1130,7,2025-01-17,3369,Shopping
1131,7,2025-07-22,9327,Shopping
1132,7,2024-11-23,2143,Travel
1133,7,2025-08-12,6568,Recharge
1134,7,2025-08-29,5377,Bill Payment
1135,7,2025-07-11,5634,Food
1136,7,2024-09-19,9022,Travel
1137,7,2025-03-09,9824,Food
1138,7,2025-04-13,6446,Recharge
1139,7,2025-02-23,7180,Food
1140,7,2025-06-27,4090,Shopping
1141,7,2024-11-01,7274,Travel
1142,7,2024-12-14,1715,Investments
1143,8,2024-12-04,7246,Investments
1144,8,2025-01-29,3492,Bill Payment
1145,8,2025-02-02,3068,Recharge
1146,8,2025-08-09,6439,Bill Payment
1147,8,2024-07-11,8213,Recharge
1148,8,2024-05-28,8486,Investments
1149,8,2024-12-16,3361,Investments
1150,8,2024-06-28,3529,Travel
1151,8,2024-11-10,5342,Recharge
1152,8,2025-04-18,7512,Bill Payment
1153,8,2025-07-31,6383,Investments
1154,8,2024-12-01,9742,Food
1155,8,2025-08-10,8994,Recharge
1156,8,2025-04-02,1588,Bill Payment
1157,8,2025-04-09,4846,Investments
1158,8,2024-09-14,5708,Investments
1159,8,2024-12-29,2480,Bill Payment
1160,8,2025-01-03,2646,Shopping
1161,8,2025-08-26,5906,Bill Payment
1162,8,2024-11-03,1753,Bill Payment
1163,8,2024-11-20,5806,Food
1164,8,2024-08-03,8056,Shopping
1165,9,2024-08-21,7751,Shopping
1166,9,2024-05-09,3868,Recharge
1167,9,2024-10-22,7267,Travel
1168,9,2024-10-13,3344,Travel
1169,9,2025-06-03,5161,Food
1170,9,2025-06-09,1153,Food
1171,9,2024-07-29,9955,Bill Payment
1172,9,2025-02-06,8237,Recharge
1173,9,2025-04-28,5901,Investments
1174,9,2025-05-31,5097,Food
1175,9,2025-03-18,4263,Travel
1176,9,2024-10-18,2747,Travel
1177,9,2024-12-17,6881,Investments
1178,9,2024-03-12,5837,Investments
1179,9,2024-11-26,7484,Bill Payment
1180,9,2025-07-11,1803,Food
1181,9,2025-02-13,4770,Shopping
1182,9,2024-11-01,4115,Investments
1183,9,2024-05-28,3240,Investments
1184,9,2024-12-31,1645,Travel
1185,9,2025-02-26,1546,Investments
1186,9,2024-05-21,3153,Food
1187,9,2025-04-19,6352,Shopping
1188,10,2025-07-31,3165,Food
1189,10,2025-06-22,9697,Food
1190,10,2024-10-15,3695,Travel
1191,10,2025-01-06,5835,Bill Payment
1192,10,2024-04-12,8673,Shopping
1193,10,2025-03-07,4696,Recharge
1194,10,2024-04-27,6992,Travel
1195,10,2024-10-22,1228,Recharge
1196,10,2025-05-05,3024,Food
1197,10,2025-02-19,5295,Investments
1198,10,2024-05-15,7086,Investments
1199,10,2025-05-22,4830,Bill Payment
1200,10,2024-09-08,6374,Investments
1201,10,2025-05-15,2035,Investments
1202,10,2025-03-19,5951,Bill Payment
1203,10,2024-03-12,3290,Bill Payment
1204,10,2025-06-13,5986,Bill Payment
1205,10,2024-09-22,2592,Recharge
1206,11,2025-07-12,7367,Food
1207,11,2025-06-07,9850,Recharge
1208,11,2025-06-02,3531,Investments
1209,11,2025-08-18,2622,Recharge
1210,11,2025-01-15,7686,Bill Payment
1211,11,2024-11-12,7070,Travel
1212,11,2024-12-01,8285,Food
1213,11,2025-04-15,2627,Recharge
1214,11,2024-06-05,6876,Travel
1215,11,2024-10-15,5520,Bill Payment
1216,11,2024-07-06,8450,Investments
1217,11,2024-04-25,4475,Bill Payment
1218,11,2024-12-09,6464,Shopping
1219,11,2024-06-13,4362,Recharge
1220,11,2024-11-11,4394,Shopping
1221,11,2024-09-02,6383,Recharge
1222,11,2025-01-12,1046,Shopping
1223,12,2024-10-17,9850,Shopping
1224,12,2025-05-15,2801,Bill Payment
1225,12,2024-06-18,3159,Food
1226,12,2025-04-08,4898,Food
1227,12,2024-09-08,1258,Food
1228,12,2024-08-14,1858,Investments
1229,12,2025-03-07,7897,Bill Payment
1230,12,2025-02-09,2041,Travel
1231,12,2025-02-28,6931,Recharge
1232,12,2025-01-28,2786,Recharge
1233,12,2025-04-21,4629,Bill Payment
1234,12,2024-11-12,9543,Travel
1235,12,2024-07-12,1510,Travel
1236,12,2025-01-15,7580,Investments
1237,12,2025-02-17,2768,Investments
1238,12,2024-07-18,8267,Bill Payment
1239,12,2025-04-18,6277,Shopping
1240,13,2024-10-30,3067,Recharge
1241,13,2025-06-11,9984,Food
1242,13,2025-04-13,7240,Recharge
1243,13,2025-01-30,5831,Recharge
1244,13,2024-08-01,8048,Investments
1245,13,2025-08-22,2874,Investments
1246,13,2025-01-18,4522,Travel
1247,13,2025-01-09,4743,Food
1248,13,2025-01-02,8430,Travel
1249,13,2024-11-19,2557,Travel
1250,13,2025-05-18,6120,Food
1251,13,2024-08-29,7132,Investments
1252,13,2024-07-16,8770,Bill Payment
1253,13,2024-07-29,2398,Travel
1254,13,2025-06-28,2582,Investments
1255,13,2025-08-01,7105,Shopping
1256,14,2025-05-25,1982,Recharge
1257,14,2025-07-07,6400,Bill Payment
1258,14,2025-01-26,7730,Investments
1259,14,2025-08-02,7929,Bill Payment
1260,14,2025-06-01,5712,Food
1261,14,2024-09-20,6761,Recharge
1262,14,2024-11-14,9313,Shopping
1263,14,2024-11-20,8900,Bill Payment
1264,14,2025-05-09,6736,Food
1265,14,2025-08-23,2882,Food
1266,14,2025-03-05,4705,Recharge
1267,14,2025-06-05,1430,Investments
1268,14,2024-08-12,5381,Shopping
1269,14,2025-07-23,5477,Food
1270,14,2025-01-24,6567,Bill Payment
1271,14,2024-10-10,3972,Recharge
1272,14,2024-09-02,7566,Shopping
1273,14,2024-09-13,1502,Investments
1274,14,2024-11-16,9691,Travel
1275,14,2025-03-18,7878,Food
1276,14,2025-02-03,3578,Food
1277,14,2025-08-30,6314,Recharge
1278,14,2024-08-24,2391,Shopping
1279,15,2024-05-17,1815,Food
1280,15,2025-05-03,8259,Travel
1281,15,2025-04-23,8242,Food
1282,15,2025-08-01,4531,Bill Payment
1283,15,2025-05-09,6655,Bill Payment
1284,15,2025-07-06,5640,Recharge
1285,15,2024-04-10,6053,Shopping
1286,15,2024-04-20,7475,Bill Payment
1287,15,2024-12-28,4349,Shopping
1288,15,2024-11-11,3248,Food
1289,15,2024-06-25,6375,Bill Payment
1290,15,2025-05-09,9149,Shopping
1291,15,2025-03-19,3116,Recharge
1292,15,2025-07-20,4770,Recharge
1293,15,2024-05-07,6802,Travel
1294,15,2025-05-15,1693,Bill Payment
1295,15,2024-05-13,8532,Food
1296,16,2025-04-02,8033,Travel
1297,16,2024-11-08,7843,Bill Payment
1298,16,2024-06-23,7636,Food
1299,16,2025-07-28,3815,Recharge
1300,16,2025-08-12,8538,Investments
1301,16,2024-07-28,6928,Travel
1302,16,2024-10-15,2734,Travel
1303,16,2025-03-08,7560,Bill Payment
1304,16,2025-09-01,7484,Food
1305,16,2024-10-04,6562,Food
1306,16,2024-07-22,3754,Recharge
1307,16,2025-03-11,2868,Recharge
1308,16,2025-07-15,4176,Food
1309,16,2025-06-20,6752,Investments
1310,16,2024-10-11,3419,Bill Payment
1311,16,2024-10-22,3399,Shopping
1312,16,2025-04-17,3842,Shopping
1313,16,2024-09-11,2234,Investments
1314,16,2025-02-05,9095,Recharge
1315,16,2025-05-27,8354,Recharge
1316,16,2025-08-29,6295,Investments
1317,16,2024-08-29,6179,Travel
1318,16,2025-02-08,2118,Travel
1319,16,2025-07-25,5961,Food
1320,17,2024-11-19,1920,Recharge
1321,17,2024-10-28,2215,Travel
1322,17,2024-06-11,8404,Bill Payment
1323,17,2025-07-22,7041,Food
1324,17,2025-04-18,2257,Bill Payment
1325,17,2024-12-05,9307,Travel
1326,17,2025-01-08,1672,Recharge
1327,17,2024-11-03,4084,Recharge
1328,17,2025-02-03,8792,Shopping
1329,17,2025-01-08,2013,Bill Payment
1330,17,2025-05-23,6626,Bill Payment
1331,17,2025-04-18,9266,Shopping
1332,17,2024-09-26,1641,Investments
1333,17,2025-01-02,8172,Recharge
1334,17,2025-03-31,9564,Shopping
1335,17,2024-11-29,6962,Food
1336,17,2024-12-18,7347,Food
1337,17,2025-07-01,1857,Investments
1338,17,2024-06-25,6482,Food
1339,17,2025-03-04,2548,Investments
1340,17,2024-10-15,7333,Food
1341,17,2024-11-09,3463,Bill Payment
1342,17,2025-09-04,3317,Food
1343,17,2025-04-23,6082,Investments
1344,18,2024-08-12,7421,Recharge
1345,18,2025-02-13,2388,Recharge
1346,18,2025-03-04,7171,Shopping
1347,18,2024-07-06,9624,Investments
1348,18,2025-09-04,7937,Food
1349,18,2025-04-08,1298,Food
1350,18,2024-11-07,3953,Food
1351,18,2024-10-15,8967,Shopping
1352,18,2024-09-07,3253,Bill Payment
1353,18,2024-07-14,5846,Recharge
1354,18,2024-05-10,9843,Investments
1355,18,2024-08-14,6517,Recharge
1356,18,2024-09-06,7172,Shopping
1357,18,2024-09-18,3962,Investments
1358,18,2024-05-16,8170,Travel
1359,18,2024-12-01,6968,Travel
1360,18,2025-07-05,5668,Shopping
1361,18,2024-12-02,9749,Food
1362,18,2024-10-17,8684,Food
1363,18,2025-07-18,8218,Food
1364,18,2025-08-29,7256,Recharge
1365,18,2024-09-14,7859,Shopping
1366,18,2024-12-14,3267,Bill Payment
1367,18,2025-04-17,8873,Recharge
1368,18,2025-09-12,2680,Bill Payment
1369,19,2024-07-22,2374,Food
1370,19,2025-07-18,8361,Shopping
1371,19,2024-05-12,8167,Shopping
1372,19,2025-01-31,8391,Bill Payment
1373,19,2024-04-03,7797,Travel
1374,19,2025-02-25,9224,Shopping
1375,19,2024-05-02,7326,Food
1376,19,2024-03-08,4678,Food
1377,19,2025-01-17,2623,Shopping
1378,19,2024-03-19,3254,Food
1379,19,2024-06-30,8740,Investments
1380,19,2025-05-13,8685,Recharge
1381,19,2024-04-30,1086,Bill Payment
1382,19,2024-09-16,5193,Shopping
1383,19,2025-08-02,9991,Travel
1384,19,2024-11-30,2821,Shopping
1385,19,2024-06-12,5934,Bill Payment
1386,19,2025-04-13,4906,Investments
1387,19,2024-04-13,8489,Bill Payment
1388,20,2024-06-09,9782,Investments
1389,20,2025-03-22,9443,Shopping
1390,20,2024-10-28,3352,Travel
1391,20,2025-04-11,1025,Food
1392,20,2025-03-20,4941,Travel
1393,20,2025-05-07,4068,Investments
1394,20,2025-02-24,2402,Food
1395,20,2025-02-25,2108,Recharge
1396,20,2025-07-08,9312,Recharge
1397,20,2024-12-17,1333,Travel
1398,20,2025-04-22,1713,Travel
1399,20,2024-10-08,7116,Investments
1400,20,2024-11-30,1266,Bill Payment
1401,20,2024-10-02,6649,Investments
1402,20,2025-07-01,2698,Recharge
1403,20,2024-08-08,6447,Bill Payment
1404,20,2025-03-07,6772,Food
1405,20,2025-07-31,3868,Investments
1406,20,2025-05-23,8612,Travel
1407,20,2025-07-21,3986,Shopping
1408,20,2025-06-02,2033,Travel
1409,20,2024-10-29,1605,Shopping
1410,21,2024-07-14,1734,Food
1411,21,2025-03-13,2640,Travel
1412,21,2025-02-20,4548,Food
1413,21,2025-07-13,399,Investments
1414,21,2024-11-16,1665,Food
1415,21,2025-09-09,491,Investments
1416,21,2024-11-09,2819,Bill Payment
1417,21,2025-02-01,3114,Travel
1418,21,2025-01-06,3702,Food
1419,21,2025-03-04,1630,Investments
1420,21,2024-12-28,4175,Recharge
1421,21,2025-08-07,2284,Bill Payment
1422,21,2024-08-02,3577,Travel
1423,21,2025-03-29,1578,Food
1424,21,2024-08-14,2731,Bill Payment
1425,21,2025-05-27,2786,Food
1426,21,2025-02-06,2610,Recharge
1427,21,2024-09-16,3590,Investments
1428,21,2024-12-19,3736,Travel
1429,21,2025-06-30,446,Food
1430,21,2024-11-10,3663,Investments
1431,21,2024-07-31,569,Investments
1432,21,2024-12-26,3427,Recharge
1433,21,2024-07-08,1410,Shopping
1434,21,2024-07-10,3689,Shopping
1435,22,2025-03-26,2033,Food
1436,22,2024-04-18,3236,Recharge
1437,22,2025-06-19,1356,Food
1438,22,2025-06-13,3147,Bill Payment
1439,22,2024-08-03,4801,Recharge
1440,22,2025-04-27,3106,Food
1441,22,2024-11-26,2383,Bill Payment
1442,22,2024-09-22,312,Travel
1443,22,2025-04-16,4341,Recharge
1444,22,2024-12-09,1064,Food
1445,22,2024-10-21,3755,Recharge
1446,22,2025-07-31,2439,Shopping
1447,22,2024-08-01,1104,Bill Payment
1448,22,2024-09-08,3803,Investments
1449,22,2024-06-13,3746,Investments
1450,22,2025-03-06,2718,Investments
1451,22,2025-01-07,631,Food
1452,22,2024-09-10,1390,Food
1453,22,2024-10-31,4267,Bill Payment
1454,22,2024-08-05,1746,Shopping
1455,22,2024-04-11,4147,Food
1456,22,2025-03-28,4638,Travel
1457,22,2024-07-26,4619,Recharge
1458,22,2024-05-22,806,Food
1459,22,2025-07-19,3361,Recharge
1460,22,2025-05-09,3465,Recharge
1461,23,2024-12-23,1126,Investments
1462,23,2025-03-01,707,Travel
1463,23,2025-01-06,4338,Shopping
1464,23,2025-06-06,4616,Recharge
1465,23,2025-08-11,1590,Shopping
1466,23,2025-03-28,3644,Bill Payment
1467,23,2025-04-05,1117,Shopping
1468,23,2024-10-06,2591,Shopping
1469,23,2025-07-12,2743,Shopping
1470,23,2025-04-05,2934,Food
1471,23,2024-11-19,746,Shopping
1472,23,2024-12-01,4612,Shopping
1473,23,2025-05-24,2580,Recharge
1474,23,2025-03-28,865,Investments
1475,23,2025-05-13,1481,Recharge
1476,23,2024-10-09,1363,Investments
1477,23,2025-04-28,2865,Bill Payment
1478,23,2024-08-24,332,Bill Payment
1479,23,2024-11-26,4824,Investments
1480,23,2025-08-10,1826,Recharge
1481,23,2025-05-26,3512,Investments
1482,23,2025-03-25,348,Investments
1483,23,2024-12-09,4569,Investments
1484,23,2025-03-18,2574,Shopping
1485,23,2024-12-13,3426,Travel
1486,23,2025-07-01,697,Bill Payment
1487,24,2024-12-07,3701,Travel
1488,24,2024-08-21,3904,Food
1489,24,2024-10-16,1276,Investments
1490,24,2025-05-19,2715,Food
1491,24,2024-07-14,3366,Food
1492,24,2025-02-20,4318,Bill Payment
1493,24,2024-09-09,2714,Travel
1494,24,2024-09-22,1103,Travel
1495,24,2024-07-20,2130,Bill Payment
1496,24,2024-10-04,514,Travel
1497,24,2024-09-13,3525,Shopping
1498,24,2025-08-30,2782,Recharge
1499,24,2024-08-14,2661,Shopping
1500,24,2025-01-27,4181,Travel
1501,24,2025-08-02,4185,Food
1502,24,2024-05-20,4174,Bill Payment
1503,24,2025-01-22,3321,Travel
1504,24,2024-08-27,2072,Recharge
1505,24,2024-06-02,2990,Bill Payment
1506,24,2025-01-17,2404,Recharge
1507,24,2024-10-02,3955,Recharge
1508,24,2025-07-16,166,Bill Payment
1509,24,2024-07-16,3630,Food
1510,24,2025-06-04,3096,Travel
1511,24,2024-06-01,3097,Travel
1512,24,2025-02-24,519,Recharge
1513,24,2024-11-10,1694,Recharge
1514,25,2025-01-31,702,Recharge
1515,25,2025-08-13,3789,Recharge
1516,25,2025-09-13,2391,Recharge
1517,25,2024-09-21,1073,Bill Payment
1518,25,2025-01-25,3326,Food
1519,25,2025-01-21,4669,Shopping
1520,25,2025-05-22,1730,Recharge
1521,25,2025-03-31,3388,Bill Payment
1522,25,2024-08-06,471,Shopping
1523,25,2025-09-02,2828,Travel
1524,25,2025-03-08,4354,Shopping
1525,25,2024-09-27,4323,Food
1526,25,2024-10-09,2709,Travel
1527,25,2025-05-17,2551,Food
1528,25,2025-04-04,4255,Recharge
1529,25,2025-07-15,4112,Recharge
1530,25,2025-03-18,2555,Bill Payment
1531,25,2025-01-03,3117,Investments
1532,25,2025-02-16,997,Recharge
1533,25,2025-08-29,2620,Investments
1534,25,2025-05-19,318,Travel
1535,25,2025-06-18,2275,Recharge
1536,25,2024-11-11,4831,Investments
1537,25,2025-05-12,520,Travel
1538,25,2025-04-12,1496,Investments
1539,25,2024-10-01,3214,Investments
1540,25,2024-08-03,2084,Recharge
1541,25,2024-10-23,1000,Bill Payment
1542,25,2024-12-25,3712,Travel
1543,26,2024-07-31,3482,Travel
1544,26,2025-05-01,4210,Investments
1545,26,2024-05-25,610,Recharge
1546,26,2025-08-01,1798,Food
1547,26,2025-06-26,4018,Travel
1548,26,2024-06-30,2670,Travel
1549,26,2024-12-20,4467,Recharge
1550,26,2024-10-01,3002,Recharge
1551,26,2024-07-19,4066,Shopping
1552,26,2025-07-29,2385,Food
1553,26,2024-11-04,1942,Food
1554,26,2025-05-19,1798,Food
1555,26,2024-12-27,4030,Recharge
1556,26,2024-10-25,2340,Bill Payment
1557,26,2025-07-14,4797,Travel
1558,26,2024-12-23,3332,Shopping
1559,26,2024-02-17,2479,Food
1560,26,2024-12-24,747,Travel
1561,26,2025-05-09,2200,Shopping
1562,26,2025-07-09,1755,Food
1563,26,2024-10-09,4704,Shopping
1564,26,2025-08-27,994,Shopping
1565,26,2024-02-25,2086,Investments
1566,26,2024-08-23,4450,Investments
1567,26,2024-02-27,2007,Bill Payment
1568,26,2024-12-08,3485,Investments
1569,26,2024-04-16,3969,Investments
1570,27,2025-07-31,142,Shopping
1571,27,2025-05-16,3433,Travel
1572,27,2024-11-04,1733,Food
1573,27,2024-03-15,2438,Bill Payment
1574,27,2024-09-08,4803,Recharge
1575,27,2024-07-12,405,Travel
1576,27,2024-02-21,1540,Travel
1577,27,2024-07-23,4158,Investments
1578,27,2024-02-22,2471,Bill Payment
1579,27,2025-08-18,2544,Recharge
1580,27,2024-12-23,979,Food
1581,27,2025-07-24,3822,Recharge
1582,27,2024-05-31,4146,Recharge
1583,27,2024-10-20,3934,Shopping
1584,27,2024-12-18,1022,Shopping
1585,27,2024-10-04,3859,Investments
1586,27,2024-01-29,1625,Investments
1587,27,2024-11-12,2861,Recharge
1588,27,2024-07-12,1682,Recharge
1589,27,2025-03-27,3421,Recharge
1590,27,2024-04-12,2786,Travel
1591,27,2024-07-22,881,Shopping
1592,27,2024-12-11,4011,Shopping
1593,27,2024-10-08,155,Travel
1594,27,2025-04-16,2029,Food
1595,27,2024-11-19,2800,Recharge
1596,27,2024-01-26,4793,Food
1597,28,2025-07-16,3045,Shopping
1598,28,2025-07-03,608,Bill Payment
1599,28,2024-12-31,3912,Shopping
1600,28,2025-07-13,3421,Recharge
1601,28,2025-07-15,2647,Bill Payment
1602,28,2025-01-31,2516,Recharge
1603,28,2024-11-16,1909,Shopping
1604,28,2024-10-13,4017,Travel
1605,28,2025-02-24,3160,Investments
1606,28,2025-03-25,4599,Recharge
1607,28,2025-08-21,1889,Shopping
1608,28,2025-09-03,4980,Bill Payment
1609,28,2025-03-12,4404,Recharge
1610,28,2024-09-04,3063,Recharge
1611,28,2024-08-27,1019,Recharge
1612,28,2024-11-07,4240,Recharge
1613,28,2024-10-11,4496,Shopping
1614,28,2025-04-19,2787,Travel
1615,28,2025-07-10,1052,Shopping
1616,28,2025-04-03,4877,Bill Payment
1617,28,2025-03-12,4280,Bill Payment
1618,28,2024-10-02,3814,Recharge
1619,28,2025-03-17,3503,Recharge
1620,28,2025-05-09,572,Travel
1621,28,2025-08-01,2624,Bill Payment
1622,28,2024-12-04,3343,Bill Payment
1623,28,2025-05-19,1885,Bill Payment
1624,28,2025-02-28,471,Food
1625,28,2025-04-30,622,Bill Payment
1626,28,2025-03-25,665,Bill Payment
1627,28,2025-02-21,2451,Shopping
1628,28,2025-08-23,1209,Investments
1629,28,2025-02-03,3543,Travel
1630,28,2025-02-05,3774,Travel
1631,28,2025-07-11,757,Investments
1632,29,2025-04-19,1189,Food
1633,29,2024-08-19,1071,Recharge
1634,29,2025-02-14,3319,Shopping
1635,29,2025-07-21,1924,Bill Payment
1636,29,2024-10-19,286,Travel
1637,29,2024-12-23,4560,Recharge
1638,29,2025-07-15,3207,Shopping
1639,29,2025-01-10,2127,Food
1640,29,2024-10-08,1370,Shopping
1641,29,2024-06-05,1024,Investments
1642,29,2025-03-30,3534,Bill Payment
1643,29,2024-09-02,2071,Bill Payment
1644,29,2025-03-20,926,Bill Payment
1645,29,2025-03-22,3757,Investments
1646,29,2024-09-22,498,Investments
1647,29,2024-12-11,462,Travel
1648,29,2025-02-20,2019,Shopping
1649,29,2024-07-30,562,Recharge
1650,29,2024-09-16,2469,Investments
1651,29,2024-10-30,4819,Recharge
1652,29,2025-06-19,4998,Investments
1653,29,2024-09-18,2726,Food
1654,29,2025-04-23,1273,Recharge
1655,29,2024-12-17,1910,Food
1656,29,2024-06-20,2354,Recharge
1657,29,2025-08-13,4946,Investments
1658,29,2025-04-05,1534,Investments
1659,29,2025-02-28,3599,Travel
1660,29,2024-11-12,484,Investments
1661,29,2025-06-26,3222,Recharge
1662,29,2025-05-11,2711,Travel
1663,29,2024-08-04,3444,Food
1664,29,2024-08-22,3183,Recharge
1665,30,2024-11-04,2074,Food
1666,30,2025-08-28,1282,Travel
1667,30,2025-04-25,572,Travel
1668,30,2025-04-23,3512,Recharge
1669,30,2025-01-26,1198,Shopping
1670,30,2024-10-24,2188,Food
1671,30,2025-02-27,747,Food
1672,30,2025-04-12,857,Investments
1673,30,2024-08-07,1660,Food
1674,30,2025-06-21,3189,Recharge
1675,30,2024-08-18,423,Shopping
1676,30,2025-07-17,4913,Investments
1677,30,2024-10-31,4678,Travel
1678,30,2024-12-29,1811,Food
1679,30,2024-10-28,225,Shopping
1680,30,2025-07-29,1061,Travel
1681,30,2025-07-03,2087,Recharge
1682,30,2025-01-31,1775,Shopping
1683,30,2024-12-23,4622,Food
1684,30,2025-03-07,3218,Recharge
1685,30,2024-12-16,3043,Food
1686,30,2025-03-31,3046,Travel
1687,30,2024-08-31,3917,Investments
1688,30,2025-08-05,3946,Food
1689,30,2025-01-17,1764,Food
1690,30,2024-08-04,3490,Recharge
1691,30,2025-07-26,1912,Shopping
1692,30,2024-11-22,232,Recharge
1693,30,2025-05-04,4884,Investments
1694,30,2024-12-10,3520,Shopping
1695,30,2024-12-27,1707,Shopping
1696,30,2025-04-29,3211,Shopping
1697,31,2025-04-12,1177,Investments
1698,31,2024-09-20,741,Travel
1699,32,2025-05-22,1364,Travel
1700,32,2024-12-31,394,Shopping
1701,32,2025-07-18,336,Travel
1702,33,2025-07-27,1927,Investments
1703,34,2024-02-22,1123,Bill Payment
1704,35,2025-06-13,149,Bill Payment
1705,35,2024-07-27,894,Investments
1706,35,2024-06-21,523,Investments
1707,36,2024-11-07,68,Recharge
1708,37,2024-07-17,814,Recharge
1709,37,2025-05-24,1356,Recharge
1710,38,2025-05-27,1400,Bill Payment
1711,38,2025-07-11,63,Recharge
1712,39,2024-03-21,74,Recharge
1713,39,2024-12-10,1529,Recharge
1714,40,2025-01-10,85,Investments
1715,40,2024-12-04,1430,Shopping
1716,41,2025-07-15,297,Shopping
1717,41,2024-08-09,593,Recharge
1718,41,2024-10-10,1178,Food
1719,41,2025-03-07,647,Bill Payment
1720,41,2025-03-16,864,Travel
1721,41,2024-10-01,1257,Investments
1722,41,2024-11-28,562,Investments
1723,41,2024-02-27,265,Bill Payment
1724,42,2025-03-04,876,Recharge
1725,42,2024-04-09,1074,Investments
1726,42,2024-08-05,119,Bill Payment
1727,42,2025-05-01,1123,Investments
1728,42,2025-09-13,778,Bill Payment
1729,42,2024-03-26,1181,Shopping
1730,42,2025-09-14,532,Travel
1731,42,2024-03-30,655,Bill Payment
1732,42,2025-08-21,674,Recharge
1733,42,2024-03-16,1447,Shopping
1734,42,2024-02-28,744,Shopping
1735,43,2025-03-25,395,Bill Payment
1736,43,2024-07-27,712,Recharge
1737,43,2025-09-14,592,Travel
1738,43,2025-08-18,1486,Food
1739,43,2024-07-04,886,Investments
1740,43,2025-07-08,260,Investments
1741,43,2024-04-06,808,Bill Payment
1742,43,2024-10-06,995,Bill Payment
1743,43,2025-03-24,797,Food
1744,43,2024-11-17,160,Travel
1745,43,2024-10-02,1104,Food
1746,43,2025-03-02,1232,Travel
1747,44,2025-04-07,1492,Bill Payment
1748,44,2025-01-10,1366,Shopping
1749,44,2024-06-06,250,Food
1750,44,2025-04-07,415,Investments
1751,44,2024-08-18,1398,Investments
1752,44,2025-02-01,897,Food
1753,44,2024-06-15,318,Bill Payment
1754,44,2025-06-12,731,Food
1755,44,2024-06-26,652,Shopping
1756,45,2025-02-07,483,Travel
1757,45,2025-04-12,1240,Recharge
1758,45,2024-08-23,935,Bill Payment
1759,45,2024-12-30,283,Recharge
1760,45,2025-05-03,290,Recharge
1761,45,2025-01-15,764,Bill Payment
1762,45,2025-01-29,697,Travel
1763,45,2025-07-08,273,Recharge
1764,46,2025-02-18,1271,Shopping
1765,46,2024-08-22,879,Shopping
1766,46,2024-10-29,650,Food
1767,46,2024-08-10,1109,Bill Payment
1768,46,2025-01-05,442,Food
1769,46,2024-10-28,962,Travel
1770,46,2024-11-28,257,Food
1771,46,2025-06-01,605,Investments
1772,46,2025-03-28,1115,Recharge
1773,47,2024-07-01,1037,Shopping
1774,47,2024-05-11,723,Travel
1775,47,2025-07-12,780,Recharge
1776,47,2025-06-23,878,Food
1777,47,2024-10-26,1001,Travel
1778,47,2025-03-08,1433,Shopping
1779,47,2024-10-19,715,Recharge
1780,47,2025-01-08,511,Food
1781,47,2025-09-13,463,Travel
1782,48,2025-07-03,696,Recharge
1783,48,2025-01-15,596,Travel
1784,48,2025-03-25,674,Food
1785,48,2024-09-08,333,Recharge
1786,48,2024-08-19,1217,Investments
1787,48,2024-03-15,1226,Investments
1788,48,2024-09-18,1045,Travel
1789,48,2024-04-27,696,Travel
1790,48,2025-07-12,1478,Shopping
1791,48,2024-12-23,1397,Shopping
1792,49,2024-07-06,1448,Investments
1793,49,2025-02-20,966,Bill Payment
1794,49,2025-06-04,1019,Recharge
1795,49,2025-07-31,920,Recharge
1796,49,2025-08-09,956,Bill Payment
1797,49,2025-08-02,836,Recharge
1798,49,2024-04-27,1406,Bill Payment
1799,49,2025-01-28,608,Shopping
1800,49,2024-03-16,1425,Recharge
1801,49,2025-03-15,1421,Food
1802,50,2024-06-22,316,Bill Payment
1803,50,2024-10-08,629,Recharge
1804,50,2025-03-29,1162,Recharge
1805,50,2024-10-08,1278,Travel
1806,50,2025-01-03,866,Travel
1807,50,2025-04-14,1491,Investments
1808,50,2024-09-02,1124,Food
1809,50,2025-02-19,150,Bill Payment
1810,50,2025-01-15,705,Bill Payment
1811,50,2025-08-16,337,Investments
1812,50,2024-12-12,390,Food
1813,51,2025-08-07,1032,Shopping
1814,51,2025-03-06,1167,Food
1815,51,2024-08-20,1075,Travel
1816,51,2024-12-12,1026,Bill Payment
1817,51,2024-07-24,714,Investments
1818,51,2024-07-13,335,Food
1819,51,2024-08-26,1427,Investments
1820,51,2025-07-16,436,Shopping
1821,51,2024-09-29,1156,Recharge
1822,51,2024-12-18,427,Recharge
1823,52,2024-10-10,1046,Travel
1824,52,2024-09-16,1389,Shopping
1825,52,2025-05-16,1411,Travel
1826,52,2024-06-28,910,Investments
1827,52,2025-09-09,1357,Shopping
1828,52,2025-04-13,1020,Travel
1829,52,2024-06-16,896,Investments
1830,52,2024-09-27,539,Food
1831,52,2025-04-05,228,Bill Payment
1832,52,2024-09-17,1199,Food
1833,52,2024-09-22,767,Travel
1834,53,2025-04-05,637,Travel
1835,53,2025-09-03,1180,Investments
1836,53,2025-02-26,741,Travel
1837,53,2024-11-13,1351,Recharge
1838,53,2024-10-22,333,Food
1839,53,2025-03-09,1037,Shopping
1840,53,2025-04-23,1479,Food
1841,53,2025-02-23,1358,Bill Payment
1842,54,2024-07-06,741,Shopping
1843,54,2024-07-05,725,Shopping
1844,54,2024-07-30,864,Recharge
1845,54,2025-05-10,895,Recharge
1846,54,2025-04-04,382,Travel
1847,54,2025-07-19,480,Investments
1848,54,2024-09-01,1200,Recharge
1849,54,2025-07-22,441,Food
1850,54,2024-09-15,387,Food
1851,55,2024-05-28,1368,Food
1852,55,2025-08-13,119,Shopping
1853,55,2025-05-02,499,Recharge
1854,55,2025-08-23,1135,Travel
1855,55,2025-06-03,1107,Investments
1856,55,2025-08-17,1009,Shopping
1857,55,2024-05-05,269,Shopping
1858,55,2024-05-07,698,Food
1859,55,2025-01-24,560,Shopping
1860,55,2025-08-24,1036,Recharge
1861,55,2024-07-28,1146,Recharge
1862,56,2025-03-28,648,Recharge
1863,56,2025-06-12,185,Recharge
1864,56,2025-05-27,547,Bill Payment
1865,56,2024-11-26,1438,Food
1866,56,2025-06-21,166,Food
1867,56,2024-06-15,813,Travel
1868,56,2024-11-15,340,Shopping
1869,56,2025-03-12,1304,Investments
1870,57,2025-05-29,1395,Shopping
1871,57,2024-08-06,1361,Shopping
1872,57,2024-05-16,523,Recharge
1873,57,2025-09-13,818,Food
1874,57,2024-09-05,1322,Food
1875,57,2025-01-07,699,Recharge
1876,57,2025-08-25,647,Investments
1877,57,2024-08-02,295,Travel
1878,57,2024-12-25,221,Investments
1879,57,2024-07-30,359,Shopping
1880,57,2025-02-09,399,Shopping
1881,57,2025-04-23,1484,Travel
1882,58,2025-05-28,1282,Food
1883,58,2025-02-06,1385,Travel
1884,58,2024-08-16,1025,Investments
1885,58,2025-01-31,290,Recharge
1886,58,2025-06-29,669,Food
1887,58,2025-03-15,1031,Food
1888,58,2024-07-10,1291,Investments
1889,58,2025-07-18,290,Travel
1890,58,2025-06-14,1400,Investments
1891,59,2025-08-13,229,Recharge
1892,59,2024-10-21,914,Travel
1893,59,2025-03-12,533,Food
1894,59,2025-08-30,761,Food
1895,59,2025-04-08,791,Recharge
1896,59,2025-04-17,367,Travel
1897,59,2025-06-16,803,Bill Payment
1898,59,2024-08-21,194,Investments
1899,59,2024-07-10,1041,Bill Payment
1900,59,2025-02-12,423,Travel
1901,60,2024-09-28,976,Investments
1902,60,2025-01-08,370,Shopping
1903,60,2024-06-08,661,Investments
1904,60,2024-11-16,838,Bill Payment
1905,60,2024-08-21,861,Bill Payment
1906,60,2025-01-11,911,Investments
1907,60,2025-05-18,579,Investments
1908,60,2024-06-10,286,Bill Payment
1909,61,2024-06-13,2153,Shopping
1910,61,2024-11-12,2631,Recharge
1911,61,2025-06-24,2985,Bill Payment
1912,61,2025-03-12,233,Bill Payment
1913,61,2025-06-01,3723,Investments
1914,61,2025-07-28,741,Bill Payment
1915,62,2024-08-13,1769,Investments
1916,62,2024-08-20,3501,Bill Payment
1917,62,2025-01-03,1483,Food
1918,62,2025-01-10,761,Shopping
1919,62,2025-06-10,2827,Shopping
1920,62,2025-03-27,480,Recharge
1921,63,2024-07-25,2699,Travel
1922,63,2024-09-13,1638,Investments
1923,63,2024-07-12,3264,Travel
1924,63,2025-05-06,2723,Shopping
1925,63,2024-05-20,555,Shopping
1926,64,2025-03-01,2614,Food
1927,64,2024-12-20,1958,Shopping
1928,64,2024-11-11,1214,Investments
1929,64,2024-10-13,545,Recharge
1930,64,2024-11-19,2661,Investments
1931,65,2024-12-27,3672,Shopping
1932,65,2025-07-28,2320,Shopping
1933,65,2025-03-30,3263,Food
1934,65,2024-04-18,2846,Shopping
1935,65,2025-03-24,2227,Bill Payment
1936,66,2025-04-29,2246,Recharge
1937,66,2025-03-04,490,Bill Payment
1938,66,2024-11-16,1679,Shopping
1939,66,2025-08-21,1784,Recharge
1940,66,2024-12-11,1923,Recharge
1941,66,2024-09-03,2997,Travel
1942,67,2025-08-30,268,Bill Payment
1943,67,2024-10-01,256,Shopping
1944,67,2024-03-08,363,Travel
1945,67,2024-10-26,2275,Investments
1946,67,2025-06-03,3118,Travel
1947,68,2025-01-28,3074,Bill Payment
1948,68,2025-04-07,2823,Recharge
1949,68,2024-09-23,2723,Food
1950,68,2024-12-12,542,Bill Payment
1951,68,2024-10-19,2294,Shopping
1952,68,2024-12-21,2397,Travel
1953,68,2025-05-27,2602,Investments
1954,68,2025-06-01,2989,Bill Payment
1955,69,2025-04-01,3061,Investments
1956,69,2024-09-10,3667,Bill Payment
1957,69,2024-04-07,1201,Travel
1958,69,2025-04-18,675,Recharge
1959,69,2024-03-06,2693,Food
1960,69,2024-07-07,2928,Bill Payment
1961,69,2024-05-29,251,Investments
1962,70,2025-08-09,871,Food
1963,70,2025-08-30,2342,Investments
1964,70,2024-09-05,1261,Food
1965,70,2024-12-19,719,Investments
1966,70,2024-07-17,3830,Bill Payment
1967,71,2025-06-07,3505,Food
1968,71,2024-05-29,2345,Food
1969,71,2024-06-11,3117,Travel
1970,71,2025-08-30,2064,Food
1971,71,2025-08-18,427,Recharge
1972,71,2025-04-05,883,Shopping
1973,71,2024-07-08,1244,Recharge
1974,72,2024-08-11,3160,Shopping
1975,72,2025-02-28,3234,Bill Payment
1976,72,2025-08-26,380,Bill Payment
1977,72,2024-07-06,1201,Travel
1978,72,2024-12-26,1690,Shopping
1979,72,2025-08-26,933,Bill Payment
1980,72,2025-07-29,2464,Investments
1981,72,2025-05-14,3233,Travel
1982,72,2024-11-24,1119,Shopping
1983,72,2025-06-16,1904,Food
1984,73,2024-04-18,3583,Recharge
1985,73,2024-05-31,1727,Recharge
1986,73,2024-03-23,2957,Shopping
1987,73,2025-07-11,1114,Bill Payment
1988,73,2024-04-09,1842,Travel
1989,73,2024-11-14,3747,Food
1990,73,2024-04-27,1540,Recharge
1991,74,2024-12-06,232,Shopping
1992,74,2025-03-16,1394,Food
1993,74,2025-04-15,3229,Shopping
1994,74,2024-12-06,2100,Recharge
1995,74,2025-07-01,2220,Shopping
1996,74,2025-09-05,3200,Recharge
1997,74,2025-07-13,3314,Shopping
1998,74,2024-06-04,816,Travel
1999,75,2025-08-06,1154,Food
2000,75,2024-02-08,2804,Food
2001,75,2025-02-18,205,Investments
2002,75,2024-12-09,3178,Bill Payment
2003,75,2025-07-25,1040,Shopping
2004,76,2024-03-02,2215,Shopping
2005,76,2024-10-13,3114,Bill Payment
2006,76,2024-08-25,379,Recharge
2007,76,2025-01-16,1891,Travel
2008,76,2024-03-27,3263,Recharge
2009,76,2025-06-01,591,Shopping
2010,76,2025-02-07,2810,Bill Payment
2011,76,2025-08-04,2624,Bill Payment
2012,77,2024-08-25,2913,Shopping
2013,77,2024-10-31,1394,Food
2014,77,2025-08-04,3993,Travel
2015,77,2025-08-19,3070,Investments
2016,77,2024-11-29,1536,Travel
2017,77,2024-10-17,1313,Bill Payment
2018,77,2024-08-28,1030,Recharge
2019,77,2024-09-07,646,Bill Payment
2020,78,2025-07-11,2041,Food
2021,78,2024-07-22,1865,Recharge
2022,78,2024-10-19,1667,Travel
2023,78,2025-07-08,1462,Food
2024,78,2024-07-21,3691,Bill Payment
2025,78,2025-01-26,845,Investments
2026,79,2024-05-04,2671,Shopping
2027,79,2025-02-22,3623,Shopping
2028,79,2024-12-03,573,Food
2029,79,2025-08-31,1823,Bill Payment
2030,79,2025-01-24,2973,Food
2031,79,2024-09-18,3559,Bill Payment
2032,79,2025-06-30,1856,Recharge
2033,79,2024-12-04,3264,Bill Payment
2034,79,2024-07-06,2092,Shopping
2035,79,2024-04-05,697,Bill Payment
2036,80,2024-11-05,735,Travel
2037,80,2024-07-12,1724,Recharge
2038,80,2025-01-07,2600,Bill Payment
2039,80,2024-06-22,289,Shopping
2040,80,2025-07-15,3896,Shopping
2041,80,2025-03-22,576,Bill Payment
2042,81,2024-06-03,2088,Shopping
2043,81,2025-06-30,3985,Investments
2044,81,2025-09-03,1817,Bill Payment
2045,81,2025-06-23,1767,Shopping
2046,81,2024-11-18,1649,Shopping
2047,82,2025-07-20,1346,Shopping
2048,82,2024-12-27,341,Investments
2049,82,2025-09-12,1408,Travel
2050,82,2025-08-23,3815,Bill Payment
2051,82,2025-01-31,559,Travel
2052,82,2025-06-23,762,Shopping
2053,82,2024-12-31,2832,Investments
2054,83,2024-03-14,3455,Travel
2055,83,2025-02-25,3402,Travel
2056,83,2025-07-04,2430,Food
2057,83,2025-07-22,3938,Food
2058,83,2024-11-26,1790,Shopping
2059,83,2025-01-15,306,Recharge
2060,83,2024-03-25,1097,Food
2061,83,2025-06-21,439,Recharge
2062,83,2024-10-19,1664,Shopping
2063,84,2024-09-24,1215,Food
2064,84,2024-03-19,2385,Shopping
2065,84,2025-02-22,2558,Food
2066,84,2024-07-17,3637,Shopping
2067,84,2024-12-12,1168,Investments
2068,85,2025-04-19,1669,Bill Payment
2069,85,2025-06-14,3081,Food
2070,85,2025-04-05,2525,Shopping
2071,85,2024-09-25,2506,Travel
2072,85,2024-11-26,2420,Shopping
2073,85,2024-07-10,2208,Bill Payment
2074,85,2024-10-18,430,Recharge
2075,85,2024-07-01,1096,Recharge
2076,85,2024-06-21,2157,Food
2077,85,2025-05-01,3959,Shopping
2078,86,2025-05-03,1595,Shopping
2079,86,2025-06-15,3963,Food
2080,86,2024-05-12,443,Shopping
2081,86,2025-04-26,2602,Shopping
2082,86,2024-06-26,3371,Recharge
2083,86,2024-11-03,3725,Bill Payment
2084,87,2025-05-01,3085,Travel
2085,87,2024-07-17,2600,Food
2086,87,2024-11-08,1436,Shopping
2087,87,2025-06-05,845,Travel
2088,87,2025-04-19,3443,Travel
2089,87,2024-11-05,2859,Shopping
2090,87,2025-03-10,3096,Investments
2091,88,2024-12-15,3423,Shopping
2092,88,2025-04-13,2926,Shopping
2093,88,2024-11-20,1749,Investments
2094,88,2024-11-13,3020,Shopping
2095,88,2025-06-24,927,Bill Payment
2096,88,2025-04-05,3075,Travel
2097,88,2025-07-15,3684,Recharge
2098,88,2024-09-17,332,Recharge
2099,88,2025-08-04,1503,Recharge
2100,89,2024-06-11,2819,Travel
2101,89,2025-01-30,776,Investments
2102,89,2024-10-26,518,Food
2103,89,2024-08-15,1508,Investments
2104,89,2024-05-26,3826,Investments
2105,89,2025-02-03,2944,Travel
2106,90,2024-10-04,1286,Shopping
2107,90,2024-05-12,3039,Food
2108,90,2024-06-22,1251,Investments
2109,90,2024-04-22,205,Travel
2110,90,2025-05-07,1994,Shopping
2111,91,2025-08-09,2219,Travel
2112,91,2025-02-18,1638,Travel
2113,91,2025-07-13,615,Travel
2114,91,2025-07-31,3430,Recharge
2115,91,2025-06-07,2866,Investments
2116,91,2024-08-06,1123,Travel
2117,91,2025-06-28,501,Bill Payment
2118,91,2024-05-25,1407,Food
2119,92,2024-09-02,628,Food
2120,92,2025-02-04,896,Shopping
2121,92,2024-09-03,3198,Recharge
2122,92,2024-09-12,3878,Food
2123,92,2025-06-06,2633,Travel
2124,92,2024-08-11,3085,Travel
2125,92,2024-10-19,2877,Recharge
2126,93,2024-08-05,843,Bill Payment
2127,93,2024-10-22,1556,Shopping
2128,93,2025-06-30,1876,Recharge
2129,93,2025-07-17,3157,Recharge
2130,93,2025-06-12,1286,Food
2131,93,2024-11-07,1418,Bill Payment
2132,93,2025-01-26,403,Recharge
2133,93,2025-09-12,2451,Travel
2134,94,2025-03-15,423,Bill Payment
2135,94,2024-06-08,1951,Food
2136,94,2025-07-15,3574,Shopping
2137,94,2024-04-06,597,Shopping
2138,94,2025-01-03,899,Bill Payment
2139,94,2024-07-07,2139,Food
2140,95,2025-07-27,2128,Investments
2141,95,2024-06-15,1285,Investments
2142,95,2025-04-14,2428,Shopping
2143,95,2025-04-08,1719,Food
2144,95,2025-06-13,964,Bill Payment
2145,95,2025-06-07,1278,Travel
2146,95,2024-10-31,1278,Food
2147,95,2024-05-16,2511,Shopping
2148,96,2024-05-14,2933,Bill Payment
2149,96,2025-01-22,2936,Recharge
2150,96,2024-09-24,1895,Recharge
2151,96,2025-03-07,449,Recharge
2152,96,2025-08-06,1914,Investments
2153,96,2025-06-05,3750,Recharge
2154,96,2024-10-03,3811,Travel
2155,96,2024-04-25,1424,Travel
2156,96,2024-03-11,3897,Recharge
2157,96,2025-07-18,2539,Recharge
2158,97,2024-07-23,2740,Bill Payment
2159,97,2025-05-28,3301,Shopping
2160,97,2024-09-27,884,Shopping
2161,97,2024-04-07,716,Travel
2162,97,2025-05-14,520,Shopping
2163,97,2024-07-24,3569,Recharge
2164,97,2025-01-16,1256,Investments
2165,97,2024-05-02,3944,Bill Payment
2166,97,2025-04-05,1789,Recharge
2167,97,2024-12-02,1535,Recharge
2168,98,2024-04-28,3956,Investments
2169,98,2025-06-19,2752,Bill Payment
2170,98,2024-09-16,1897,Shopping
2171,98,2024-07-27,2520,Bill Payment
2172,98,2024-07-28,2504,Food
2173,98,2025-04-03,3753,Travel
2174,98,2025-05-13,1281,Investments
2175,98,2025-08-13,2188,Bill Payment
2176,99,2025-01-19,1328,Shopping
2177,99,2025-05-04,2732,Investments
2178,99,2025-01-18,3041,Bill Payment
2179,99,2024-12-13,1821,Investments
2180,99,2024-07-22,1173,Investments
2181,99,2024-11-11,2146,Food
2182,100,2025-02-04,1583,Food
2183,100,2025-08-16,1348,Investments
2184,100,2024-07-09,3005,Shopping
2185,100,2025-02-01,750,Investments
2186,100,2025-02-22,2014,Food
2187,94,2024-06-10,1807,Shopping
2188,57,2025-05-07,965,Investments
2189,63,2025-02-24,2215,Bill Payment
2190,66,2024-07-10,751,Food
2191,91,2024-12-07,2175,Shopping
2192,100,2024-04-29,2247,Shopping
2193,25,2024-10-28,3684,Bill Payment
2194,32,2025-04-17,83,Bill Payment
2195,47,2024-08-17,2986,Food
2196,48,2025-07-18,2001,Travel
2197,82,2024-05-21,607,Shopping
2198,48,2025-05-18,2102,Shopping
2199,61,2025-03-19,2503,Food
2200,21,2024-11-02,3531,Investments
2201,89,2024-12-13,470,Bill Payment
2202,50,2024-09-08,303,Recharge
2203,100,2024-11-12,977,Investments
2204,29,2024-09-02,2875,Food
2205,84,2025-06-30,1777,Bill Payment
2206,100,2024-04-09,2894,Travel
2207,17,2024-08-19,5803,Recharge
2208,2,2024-11-13,2333,Recharge
2209,40,2025-09-05,779,Investments
2210,83,2025-05-02,1227,Travel
2211,45,2024-11-08,1980,Shopping
2212,60,2025-08-20,1337,Recharge
2213,51,2024-08-23,2494,Bill Payment
2214,66,2025-08-12,2813,Food
2215,72,2025-04-13,2751,Recharge
2216,37,2025-06-02,355,Bill Payment
2217,62,2024-12-18,361,Food
2218,82,2025-01-28,1431,Food
2219,84,2024-11-22,2768,Shopping
2220,20,2025-06-27,4737,Shopping
2221,8,2025-08-02,7098,Recharge
2222,52,2024-11-24,2805,Investments
2223,18,2024-04-28,6408,Investments
2224,64,2024-10-24,1310,Travel
2225,52,2025-06-26,1690,Bill Payment
2226,75,2025-09-06,3000,Shopping
2227,44,2025-09-12,1010,Investments
2228,61,2025-03-28,2851,Recharge
2229,39,2024-08-25,915,Investments
2230,72,2024-11-10,841,Bill Payment
2231,61,2024-12-15,624,Investments
2232,72,2025-05-27,849,Food
2233,84,2024-09-05,465,Food
2234,29,2025-08-09,3148,Food
2235,54,2025-03-23,1457,Food
2236,75,2025-05-18,1304,Bill Payment
2237,61,2024-06-06,319,Travel
2238,25,2024-09-17,2149,Investments
2239,49,2024-12-01,2270,Travel
2240,7,2024-09-20,7633,Shopping
2241,26,2025-02-27,1503,Recharge
2242,59,2024-12-10,686,Investments
2243,24,2024-06-19,3290,Travel
2244,43,2024-08-11,2684,Food
2245,82,2024-04-24,337,Travel
2246,36,2025-08-12,264,Shopping
2247,74,2025-02-06,748,Bill Payment
2248,17,2024-12-31,5533,Investments
2249,55,2025-06-17,1752,Travel
2250,50,2024-07-06,119,Recharge
2251,26,2025-01-21,3092,Bill Payment
2252,42,2024-08-25,2275,Bill Payment
2253,87,2025-04-12,116,Investments
2254,32,2024-12-23,281,Food
2255,17,2024-12-05,1341,Recharge
2256,76,2024-06-20,1353,Bill Payment
2257,6,2024-11-17,2942,Travel
2258,94,2025-08-29,2231,Food
2259,56,2024-08-02,2913,Food
2260,63,2024-08-18,1571,Shopping
2261,52,2024-10-08,178,Shopping
2262,94,2024-10-13,637,Investments
2263,3,2025-02-28,5330,Shopping
2264,16,2025-06-12,3503,Investments
2265,5,2024-10-27,3573,Recharge
2266,80,2024-06-05,299,Investments
2267,14,2024-08-08,5854,Bill Payment
2268,89,2025-04-27,574,Travel
2269,49,2025-08-13,606,Food
2270,61,2024-08-29,2974,Shopping
2271,89,2024-03-06,2908,Food
2272,54,2024-06-19,2810,Investments
2273,67,2024-05-26,1205,Travel
2274,14,2025-08-01,4690,Recharge
2275,16,2024-08-10,2815,Bill Payment
2276,64,2024-08-24,913,Food
2277,67,2025-01-07,926,Investments
2278,53,2024-07-18,1309,Bill Payment
2279,71,2024-10-23,2133,Investments
2280,62,2024-10-27,1454,Bill Payment
2281,2,2024-05-30,6002,Bill Payment
2282,74,2025-02-08,2840,Shopping
2283,12,2025-02-27,6885,Bill Payment
2284,93,2024-11-17,514,Investments
2285,30,2024-12-10,1970,Food
2286,60,2024-06-15,305,Shopping
2287,6,2024-11-17,7481,Food
2288,87,2024-12-31,1380,Investments
2289,15,2024-04-10,1278,Bill Payment
2290,18,2024-09-23,5934,Food
2291,46,2025-04-11,1892,Food
2292,94,2025-03-27,480,Food
2293,24,2024-11-30,566,Travel
2294,59,2025-09-02,1213,Travel
2295,89,2025-05-02,2058,Investments
2296,22,2024-07-29,563,Investments
2297,93,2025-09-14,340,Shopping
2298,14,2025-05-27,3908,Travel
2299,73,2025-04-22,2878,Shopping
2300,79,2025-03-26,1655,Recharge
2301,4,2025-07-11,7566,Investments
2302,17,2025-09-06,4457,Travel
2303,15,2025-04-20,7771,Travel
2304,6,2024-10-18,1018,Investments
2305,41,2025-07-16,150,Investments
2306,74,2024-09-23,2414,Investments
2307,44,2025-08-31,2226,Investments
2308,90,2024-06-09,2632,Travel
2309,85,2025-02-22,1118,Food
2310,85,2025-05-15,2870,Travel
2311,20,2025-07-29,7373,Recharge
2312,79,2024-04-04,323,Investments
2313,21,2025-08-31,2170,Travel
2314,64,2024-04-18,777,Travel
2315,42,2025-01-15,1086,Food
2316,7,2024-10-27,4652,Recharge
2317,83,2025-04-11,1650,Shopping
2318,11,2025-07-02,4260,Recharge
2319,58,2025-03-21,460,Travel
2320,41,2025-06-18,586,Investments
2321,84,2024-05-06,172,Travel
2322,53,2025-02-06,246,Recharge
2323,1,2024-04-29,7265,Recharge
2324,80,2025-02-22,2711,Recharge
2325,72,2025-05-14,947,Investments
2326,59,2025-01-04,1496,Bill Payment
2327,29,2025-01-07,3558,Food
2328,72,2025-04-16,2638,Travel
2329,92,2025-01-29,2791,Investments
2330,58,2024-08-27,567,Investments
2331,29,2024-11-10,108,Food
2332,82,2025-05-07,1295,Investments
2333,14,2024-10-21,875,Travel
2334,18,2025-05-26,7232,Bill Payment
2335,33,2024-08-06,675,Shopping
2336,16,2024-12-31,7481,Shopping
2337,59,2025-07-03,880,Food
2338,14,2025-02-26,6702,Bill Payment
2339,82,2024-08-24,2853,Travel
2340,59,2025-04-29,2797,Recharge
2341,18,2024-04-06,4586,Recharge
2342,95,2025-05-31,298,Recharge
2343,62,2025-08-02,2182,Shopping
2344,89,2024-08-21,2469,Investments
2345,17,2024-12-07,1348,Investments
2346,77,2025-09-14,2582,Food
2347,65,2025-04-26,1675,Recharge
2348,89,2024-12-02,1116,Travel
2349,44,2025-06-20,1304,Shopping
2350,18,2025-09-08,3881,Food
2351,90,2025-01-19,2343,Investments
2352,95,2024-10-22,2367,Shopping
2353,27,2024-11-07,2656,Investments
2354,45,2024-09-07,2854,Investments
2355,84,2025-06-20,828,Recharge
2356,89,2025-01-21,2708,Investments
2357,15,2025-02-18,6732,Recharge
2358,62,2025-04-17,2487,Investments
2359,91,2025-04-25,1809,Investments
2360,69,2025-03-17,1271,Bill Payment
2361,67,2024-02-01,536,Travel
2362,19,2024-04-06,934,Shopping
2363,35,2025-06-24,818,Shopping
2364,37,2024-10-23,749,Shopping
2365,8,2025-06-26,6157,Food
2366,27,2025-07-22,3186,Bill Payment
2367,46,2024-07-19,1953,Recharge
2368,87,2025-08-12,2401,Shopping
2369,96,2025-09-01,2750,Travel
2370,31,2025-06-17,573,Investments
2371,37,2025-05-23,759,Bill Payment
2372,49,2025-04-01,1687,Investments
2373,41,2024-03-21,2361,Bill Payment
2374,96,2024-08-30,1129,Recharge
2375,100,2024-11-16,1914,Investments
2376,91,2024-11-19,2752,Recharge
2377,70,2024-10-06,2571,Investments
2378,25,2025-03-04,1304,Shopping
2379,88,2024-09-19,405,Shopping
2380,95,2024-07-14,2204,Travel
2381,6,2024-11-05,4010,Recharge
2382,34,2024-07-01,183,Recharge
2383,33,2024-12-22,55,Travel
2384,91,2024-06-04,734,Shopping
2385,42,2024-04-04,2544,Investments
2386,79,2025-01-26,2811,Travel
2387,74,2024-12-01,2353,Bill Payment
2388,91,2025-02-08,1401,Shopping
2389,24,2024-06-12,2232,Recharge
2390,21,2025-03-28,1803,Recharge
2391,52,2024-12-09,476,Shopping
2392,28,2025-01-12,2817,Food
2393,47,2024-08-27,1302,Recharge
2394,68,2025-04-20,2045,Investments
2395,2,2025-02-17,1439,Travel
2396,31,2025-04-05,976,Recharge
2397,80,2024-05-27,1098,Investments
2398,42,2024-06-07,1662,Travel
2399,33,2024-11-03,603,Bill Payment
2400,67,2025-06-16,1635,Recharge
2401,58,2024-07-31,2093,Food
2402,84,2024-12-15,888,Recharge
2403,11,2024-09-22,1286,Recharge
2404,69,2024-03-17,130,Shopping
2405,86,2025-06-01,2678,Shopping
2406,88,2025-08-17,1837,Bill Payment
2407,27,2025-04-04,2302,Investments
2408,10,2024-07-01,6618,Bill Payment
2409,59,2024-07-21,1458,Bill Payment
2410,10,2024-07-26,944,Food
2411,72,2025-04-03,388,Shopping
2412,34,2025-02-19,467,Travel
2413,81,2025-06-30,1756,Food
2414,3,2025-05-25,3690,Bill Payment
2415,69,2024-03-14,124,Investments
2416,75,2024-04-13,286,Food
2417,65,2024-12-15,534,Investments
2418,39,2024-05-31,671,Food
2419,98,2025-05-11,1892,Travel
2420,85,2025-02-18,226,Shopping
2421,69,2024-05-28,1000,Investments
2422,51,2024-11-30,2335,Investments
2423,19,2025-02-25,2941,Bill Payment
2424,71,2024-08-16,2373,Bill Payment
2425,6,2025-09-02,541,Recharge
2426,51,2025-04-08,2300,Bill Payment
2427,40,2025-05-16,265,Investments
2428,93,2024-10-25,1508,Travel
2429,83,2024-07-18,2199,Shopping
2430,24,2025-03-20,1004,Food
2431,25,2024-10-18,569,Investments
2432,73,2025-08-14,322,Travel
2433,83,2024-05-08,2351,Food
2434,86,2024-09-06,375,Bill Payment
2435,26,2025-08-21,3072,Travel
2436,43,2024-06-22,1562,Investments
2437,84,2024-05-03,1060,Food
2438,80,2024-11-01,385,Food
2439,63,2025-01-09,1945,Recharge
2440,85,2025-06-11,1352,Recharge
2441,20,2025-03-18,5133,Food
2442,41,2024-07-16,1854,Bill Payment
2443,41,2024-09-08,1108,Investments
2444,95,2025-06-03,2724,Food
2445,47,2025-04-20,650,Investments
2446,43,2025-05-30,2065,Travel
2447,46,2025-02-01,1351,Recharge
2448,14,2025-06-24,1939,Recharge
2449,11,2025-01-16,7395,Shopping
2450,69,2024-10-05,904,Investments
2451,81,2024-06-29,413,Bill Payment
2452,65,2024-03-25,2687,Recharge
2453,75,2024-09-03,1759,Bill Payment
2454,71,2025-07-21,1167,Investments
2455,100,2025-04-09,708,Travel
2456,29,2025-06-19,3751,Recharge
2457,94,2024-07-26,1291,Travel
2458,65,2024-05-25,2190,Travel
2459,47,2024-05-13,2156,Investments
2460,31,2025-06-28,918,Recharge
2461,88,2025-07-08,779,Recharge
2462,18,2024-09-12,4155,Shopping
2463,73,2024-06-27,2417,Investments
2464,94,2025-03-13,2080,Bill Payment
2465,29,2025-01-24,3218,Shopping
2466,9,2025-03-03,2665,Shopping
2467,6,2024-08-23,5977,Recharge
2468,47,2025-01-03,1689,Travel
2469,6,2024-12-21,826,Bill Payment
2470,91,2025-04-04,2235,Food
2471,95,2024-09-08,1178,Travel
2472,84,2025-01-30,1650,Recharge
2473,84,2025-07-04,418,Food
2474,49,2025-07-12,1012,Travel
2475,46,2025-02-01,1513,Travel
2476,78,2025-08-16,127,Shopping
2477,57,2024-11-07,778,Bill Payment
2478,66,2024-10-28,2735,Shopping
2479,20,2024-08-20,2031,Food
2480,78,2024-11-11,584,Travel
2481,43,2025-06-19,564,Investments
2482,62,2024-10-14,2062,Recharge
2483,21,2025-08-23,2751,Travel
2484,3,2024-07-07,2496,Shopping
2485,74,2024-08-22,2526,Shopping
2486,81,2024-05-23,2199,Recharge
2487,19,2024-07-28,958,Food
2488,24,2025-09-11,2216,Travel
2489,77,2025-05-12,2408,Bill Payment
2490,93,2025-09-02,2810,Food
2491,11,2025-07-07,2274,Recharge
2492,61,2024-09-16,2072,Shopping
2493,53,2024-07-09,2561,Recharge
2494,99,2025-05-12,844,Investments
2495,66,2024-08-31,1183,Investments
2496,88,2025-02-03,1503,Recharge
2497,76,2024-08-23,381,Travel
2498,50,2024-08-11,641,Bill Payment
2499,26,2025-06-04,2241,Investments
2500,54,2024-06-14,712,Shopping
2501,61,2024-05-04,2618,Recharge
2502,65,2024-05-28,581,Travel
2503,85,2025-04-25,633,Recharge
2504,1,2025-04-12,7847,Recharge
2505,54,2024-04-21,1617,Investments
2506,68,2024-11-01,1857,Travel
2507,99,2024-12-23,1661,Recharge
2508,95,2024-06-22,2953,Travel
2509,18,2025-08-03,2585,Shopping
2510,11,2025-05-27,2820,Food
2511,25,2025-07-16,122,Investments
2512,1,2025-07-15,5234,Bill Payment
2513,67,2025-01-25,129,Investments
2514,27,2024-12-03,2917,Travel
2515,47,2024-07-26,536,Travel
2516,84,2024-10-07,2497,Food
2517,69,2025-08-10,1834,Food
2518,79,2025-05-04,1228,Shopping
2519,53,2025-06-02,2361,Recharge
2520,62,2025-01-04,832,Recharge
2521,72,2024-10-20,2081,Food
2522,74,2025-07-02,1510,Investments
2523,51,2025-09-12,665,Investments
2524,16,2024-10-08,6626,Travel
2525,90,2024-06-14,762,Shopping
2526,66,2025-07-14,1740,Food
2527,71,2024-05-17,2615,Shopping
2528,50,2024-06-19,2704,Bill Payment
2529,19,2025-04-29,4363,Bill Payment
2530,9,2024-10-03,2655,Food
2531,11,2024-05-12,5489,Investments
2532,50,2025-04-27,1741,Investments
2533,67,2025-09-09,1273,Bill Payment
2534,100,2025-08-19,817,Travel
2535,2,2025-08-12,2152,Food
2536,25,2025-08-23,237,Recharge
2537,66,2025-05-30,2212,Shopping
2538,79,2024-04-29,794,Food
2539,31,2024-05-12,720,Shopping
2540,12,2025-07-15,2760,Travel
2541,46,2024-12-16,2842,Travel
2542,76,2025-06-14,920,Bill Payment
2543,95,2024-05-23,2982,Bill Payment
2544,71,2025-03-16,1265,Food
2545,36,2025-05-25,281,Shopping
2546,59,2025-04-22,1754,Bill Payment
2547,34,2025-03-10,229,Recharge
2548,14,2024-09-04,5076,Recharge
2549,38,2024-05-12,398,Recharge
2550,33,2025-07-22,947,Recharge
2551,33,2025-04-16,760,Travel
2552,73,2024-10-05,2080,Food
2553,100,2025-07-15,1979,Recharge
2554,4,2024-09-23,4448,Food
2555,9,2024-10-01,3634,Investments
2556,90,2025-01-21,1041,Travel
2557,46,2025-02-26,2215,Bill Payment
2558,90,2024-11-13,1178,Food
2559,12,2025-05-21,3768,Investments
2560,44,2024-09-12,411,Travel
2561,41,2024-09-05,1548,Recharge
2562,35,2025-09-14,237,Investments
2563,88,2025-02-26,878,Investments
2564,26,2024-09-08,1061,Food
2565,27,2024-08-09,1038,Shopping
2566,80,2024-09-23,1558,Bill Payment
2567,16,2025-05-25,1142,Investments
2568,64,2024-02-08,2614,Recharge
2569,6,2025-06-01,7446,Food
2570,80,2025-09-03,1391,Recharge
2571,36,2024-10-20,552,Recharge
2572,36,2024-11-09,457,Recharge
2573,17,2025-02-16,943,Travel
2574,62,2024-07-15,2314,Recharge
2575,45,2025-06-18,1712,Shopping
2576,59,2025-06-24,593,Recharge
2577,59,2025-06-19,1392,Bill Payment
2578,2,2024-10-01,6022,Travel
2579,75,2024-12-28,512,Food
2580,79,2024-10-01,1163,Recharge
2581,34,2024-10-20,292,Travel
2582,79,2025-04-02,1505,Shopping
2583,64,2024-09-04,1836,Travel
2584,90,2025-03-12,1624,Travel
2585,36,2024-10-19,511,Recharge
2586,17,2025-05-09,5217,Shopping
2587,13,2024-10-28,6404,Shopping
2588,72,2025-08-25,1870,Travel
2589,26,2024-06-06,697,Travel
2590,2,2025-05-05,1946,Travel
2591,18,2025-09-13,7817,Recharge
2592,93,2025-08-15,1393,Travel
2593,39,2024-04-21,306,Travel
2594,13,2024-09-03,6156,Bill Payment
2595,28,2024-12-04,3433,Travel
2596,81,2025-07-17,494,Investments
2597,43,2025-02-15,1164,Food
2598,72,2025-08-01,2383,Food
2599,45,2025-01-28,181,Bill Payment
2600,45,2025-05-08,2883,Shopping
2601,74,2025-04-29,2458,Investments
2602,69,2024-10-27,814,Food
2603,42,2025-07-18,2857,Travel
2604,100,2024-06-19,1930,Travel
2605,79,2025-07-11,1273,Investments
2606,19,2024-07-29,7612,Investments
2607,44,2025-05-02,1827,Bill Payment
2608,11,2025-03-21,1827,Shopping
2609,41,2024-11-19,1397,Investments
2610,35,2025-04-13,669,Travel
2611,35,2024-12-31,958,Food
2612,96,2025-07-22,2504,Travel
2613,53,2024-07-30,785,Bill Payment
2614,17,2024-09-20,6461,Investments
2615,33,2024-04-09,811,Shopping
2616,22,2024-06-29,1726,Bill Payment
2617,9,2025-06-17,7698,Recharge
2618,7,2025-08-03,715,Travel
2619,68,2024-08-29,440,Food
2620,80,2024-07-12,736,Investments
2621,50,2024-10-12,1367,Shopping
2622,95,2025-06-10,1263,Investments
2623,17,2025-02-16,1575,Shopping
2624,4,2025-06-30,787,Food
2625,42,2025-06-04,2050,Recharge
2626,35,2024-12-31,611,Shopping
2627,90,2024-09-01,2308,Recharge
2628,77,2025-05-09,1970,Investments
2629,82,2025-07-09,2410,Recharge
2630,82,2025-03-03,2719,Food
2631,62,2024-10-23,2310,Bill Payment
2632,57,2025-03-26,1361,Travel
2633,34,2024-11-24,209,Bill Payment
2634,1,2024-06-14,4787,Food
2635,37,2025-03-17,530,Bill Payment
2636,89,2025-06-28,2114,Food
2637,2,2025-05-14,6774,Food
2638,77,2025-08-01,1047,Bill Payment
2639,71,2024-10-04,1630,Travel
2640,72,2025-01-01,1890,Shopping
2641,21,2025-07-05,3028,Investments
2642,50,2024-10-07,1649,Food
2643,11,2024-12-05,3958,Recharge
2644,98,2025-01-19,2611,Food
2645,84,2024-10-23,2278,Travel
2646,25,2024-08-22,3595,Shopping
2647,18,2024-07-24,2872,Investments
2648,59,2025-02-18,2630,Food
2649,90,2025-07-20,2650,Shopping
2650,42,2024-07-16,179,Bill Payment
2651,69,2024-07-18,190,Bill Payment
2652,37,2024-08-20,325,Investments
2653,57,2024-11-10,133,Bill Payment
2654,20,2025-02-08,620,Shopping
2655,44,2025-01-27,1821,Travel
2656,48,2024-03-20,1999,Food
2657,11,2024-08-31,7410,Bill Payment
2658,35,2024-12-04,844,Bill Payment
2659,70,2024-09-20,2025,Shopping
2660,33,2025-02-12,886,Bill Payment
2661,16,2025-06-13,6792,Shopping
2662,50,2024-10-21,1914,Investments
2663,5,2025-05-25,2131,Investments
2664,99,2025-03-20,484,Investments
2665,27,2025-02-16,2036,Investments
2666,40,2024-07-18,380,Investments
2667,94,2025-08-26,272,Bill Payment
2668,33,2024-11-19,542,Shopping
2669,47,2025-07-24,313,Investments
2670,28,2024-11-24,562,Investments
2671,56,2024-04-02,1429,Shopping
2672,36,2024-09-18,648,Travel
2673,32,2024-02-18,59,Recharge
2674,89,2024-08-02,2046,Food
2675,99,2024-11-01,466,Shopping
2676,64,2025-01-13,474,Investments
2677,8,2024-11-19,989,Investments
2678,20,2025-03-02,6245,Bill Payment
2679,17,2024-09-19,4496,Food
2680,72,2025-07-05,2740,Food
2681,57,2024-04-07,890,Investments
2682,49,2024-06-16,1567,Food
2683,6,2025-04-17,4475,Recharge
2684,38,2025-05-29,605,Shopping
2685,73,2025-08-08,864,Food
2686,42,2024-11-19,2018,Recharge
2687,71,2024-06-03,756,Recharge
2688,20,2024-10-30,4181,Food
2689,70,2025-06-26,1603,Bill Payment
2690,100,2025-08-31,2713,Travel
2691,94,2024-03-30,859,Recharge
2692,47,2024-09-07,2640,Food
2693,93,2025-06-11,359,Recharge
2694,50,2025-03-12,877,Investments
2695,64,2024-07-08,2358,Recharge
2696,37,2025-01-12,380,Investments
2697,42,2024-05-20,552,Recharge
2698,85,2024-07-13,373,Shopping
2699,23,2024-07-30,3677,Shopping
2700,14,2024-11-04,4476,Bill Payment
2701,5,2025-03-12,5177,Investments
2702,63,2024-10-27,2253,Bill Payment
2703,47,2025-03-14,1004,Investments
2704,10,2024-08-26,607,Investments
2705,63,2025-06-01,427,Investments
2706,8,2025-03-02,3456,Investments
2707,54,2024-05-06,1611,Recharge
2708,35,2024-06-07,591,Investments
2709,10,2024-12-02,7335,Bill Payment
2710,28,2024-09-14,2227,Bill Payment
2711,93,2025-04-07,1046,Travel
2712,25,2025-04-13,891,Investments
2713,32,2024-07-07,633,Recharge
2714,96,2025-04-05,2386,Investments
2715,14,2025-06-20,6777,Recharge
2716,46,2025-01-17,2862,Investments
2717,86,2025-07-27,1849,Bill Payment
2718,22,2024-09-16,3345,Recharge
2719,52,2024-12-03,2167,Investments
2720,21,2025-04-26,2286,Travel
2721,46,2025-03-05,1390,Food
2722,48,2025-05-02,1788,Investments
2723,42,2024-10-15,2592,Recharge
2724,70,2025-04-07,976,Recharge
2725,96,2025-02-07,1140,Travel
2726,58,2024-07-09,1726,Investments
2727,5,2024-02-25,2830,Recharge
2728,18,2025-02-05,7793,Bill Payment
2729,39,2024-10-09,277,Food
2730,3,2025-08-09,6820,Investments
2731,36,2025-04-28,991,Recharge
2732,72,2025-04-01,2437,Shopping
2733,13,2025-02-02,809,Food
2734,20,2024-10-14,1633,Food
2735,75,2024-09-24,1123,Food
2736,39,2025-04-17,144,Recharge
2737,28,2024-09-04,3107,Investments
2738,42,2024-08-07,2076,Travel
2739,89,2024-06-02,2978,Recharge
2740,83,2024-04-02,1330,Investments
2741,74,2024-07-11,1662,Bill Payment
2742,99,2024-12-22,1469,Travel
2743,54,2024-10-26,593,Investments
2744,84,2024-02-02,2567,Investments
2745,100,2025-04-26,2689,Bill Payment
2746,40,2024-05-19,586,Food
2747,70,2024-08-19,2413,Food
2748,65,2024-10-06,2958,Shopping
2749,7,2025-07-14,6018,Travel
2750,58,2025-04-29,2537,Recharge
2751,12,2025-01-18,2319,Food
2752,51,2024-09-07,706,Food
2753,11,2024-05-24,4398,Recharge
2754,52,2024-07-27,1175,Travel
2755,65,2024-07-05,1879,Shopping
2756,62,2024-10-08,2390,Travel
2757,51,2025-04-20,2771,Shopping
2758,72,2025-06-24,2623,Recharge
2759,32,2024-03-19,298,Food
2760,100,2025-02-25,1861,Investments
2761,74,2024-07-28,466,Investments
2762,53,2024-10-31,1834,Food
2763,25,2025-01-10,1413,Recharge
2764,84,2024-11-29,199,Shopping
2765,45,2025-08-26,2624,Travel
2766,80,2025-07-12,697,Bill Payment
2767,30,2025-06-27,917,Food
2768,20,2025-06-08,6707,Bill Payment
2769,15,2024-04-19,6558,Shopping
2770,80,2025-02-05,704,Bill Payment
2771,44,2024-07-05,2941,Food
2772,58,2024-07-20,2029,Food
2773,27,2025-07-18,3131,Shopping
2774,27,2025-07-03,2338,Food
2775,71,2024-08-16,2078,Investments
2776,90,2024-03-22,2837,Travel
2777,75,2025-07-22,2817,Bill Payment
2778,33,2024-03-20,224,Food
2779,26,2024-10-08,3332,Bill Payment
2780,60,2024-03-13,2781,Bill Payment
2781,50,2024-11-02,2804,Investments
2782,85,2025-09-06,1575,Bill Payment
2783,3,2025-09-02,2896,Investments
2784,50,2024-12-28,1046,Recharge
2785,91,2025-08-20,507,Food
2786,63,2025-08-05,2545,Bill Payment
2787,24,2025-01-20,914,Travel
2788,72,2024-07-03,188,Shopping
2789,68,2024-12-24,1348,Travel
2790,51,2024-07-11,743,Food
2791,88,2024-12-14,1541,Investments
2792,39,2025-07-30,291,Food
2793,8,2024-09-29,5626,Travel
2794,4,2024-12-16,5046,Shopping
2795,20,2025-09-03,3299,Travel
2796,85,2024-08-04,662,Investments
2797,49,2024-09-19,2232,Travel
2798,31,2024-07-29,636,Travel
2799,40,2025-03-03,981,Food
2800,58,2024-09-14,2320,Shopping
2801,84,2025-09-07,667,Recharge
2802,88,2025-08-31,928,Shopping
2803,40,2025-04-24,755,Recharge
2804,18,2024-08-28,4023,Investments
2805,73,2024-12-20,747,Bill Payment
2806,72,2025-06-16,2283,Bill Payment
2807,24,2025-07-12,1400,Shopping
2808,94,2025-01-31,220,Travel
2809,53,2024-12-09,1342,Investments
2810,82,2024-09-22,1221,Shopping
2811,14,2024-10-31,1577,Bill Payment
2812,98,2025-01-14,2606,Recharge
2813,73,2024-09-22,2608,Recharge
2814,30,2025-06-28,1045,Bill Payment
2815,46,2025-05-15,425,Travel
2816,18,2025-07-26,4615,Investments
2817,84,2024-07-28,1631,Travel
2818,63,2024-06-27,2040,Shopping
2819,25,2024-08-03,1026,Travel
2820,98,2025-01-17,161,Travel
2821,29,2025-04-28,3140,Shopping
2822,97,2024-05-01,937,Shopping
2823,57,2025-07-31,2627,Investments
2824,42,2024-10-21,1974,Travel
2825,52,2025-04-21,271,Investments
2826,49,2025-03-09,1381,Recharge
2827,96,2025-08-07,2442,Recharge
2828,83,2024-04-03,2984,Recharge
2829,14,2025-03-19,4199,Bill Payment
2830,32,2025-07-09,581,Travel
2831,95,2025-04-14,260,Recharge
2832,98,2024-06-05,2683,Shopping
2833,38,2025-02-24,500,Food
2834,100,2025-07-16,1271,Shopping
2835,55,2024-05-29,1305,Investments
2836,67,2025-04-25,682,Investments
2837,58,2025-07-13,470,Recharge
2838,15,2025-09-05,1972,Shopping
2839,51,2024-12-14,1793,Travel
2840,4,2025-03-15,1965,Recharge
2841,92,2025-03-16,927,Bill Payment
2842,33,2024-07-04,381,Investments
2843,94,2024-06-12,606,Bill Payment
2844,91,2025-04-04,1940,Food
2845,11,2025-05-02,4791,Investments
2846,66,2024-08-27,2607,Travel
2847,71,2024-05-08,1658,Shopping
2848,43,2024-07-14,2416,Shopping
2849,19,2024-04-01,1965,Travel
2850,40,2025-05-06,366,Travel
2851,37,2024-09-17,691,Bill Payment
2852,17,2024-05-24,2161,Recharge
2853,98,2024-04-28,1136,Travel
2854,64,2025-08-11,2142,Bill Payment
2855,78,2024-11-19,2121,Shopping
2856,76,2025-05-02,2801,Travel
2857,53,2024-06-06,1909,Recharge
2858,77,2024-10-23,126,Recharge
2859,36,2025-06-05,684,Recharge
2860,27,2024-07-22,300,Shopping
2861,8,2024-11-15,5851,Bill Payment
2862,19,2024-03-13,7494,Investments
2863,74,2024-10-31,2571,Food
2864,12,2024-08-05,901,Travel
2865,23,2025-06-23,760,Food
2866,79,2024-09-21,2807,Travel
2867,96,2025-02-07,2471,Bill Payment
2868,12,2024-11-11,6795,Food
2869,48,2024-04-26,1652,Travel
2870,71,2025-01-18,365,Travel
2871,18,2025-01-08,1499,Food
2872,68,2025-04-01,1794,Shopping
2873,90,2024-05-02,956,Bill Payment
2874,74,2025-02-26,2676,Bill Payment
2875,62,2025-05-04,2920,Investments
2876,37,2025-04-24,487,Food
2877,34,2025-08-29,588,Recharge
2878,46,2025-04-07,631,Recharge
2879,64,2025-06-25,2228,Travel
2880,24,2025-03-17,3719,Shopping
2881,91,2024-08-22,1289,Bill Payment
2882,16,2025-02-06,696,Investments
2883,16,2025-08-21,6541,Shopping
2884,79,2025-05-21,1798,Bill Payment
2885,43,2025-09-07,1532,Investments
2886,28,2025-06-19,146,Shopping
2887,89,2024-11-12,1253,Bill Payment
2888,40,2025-01-12,357,Recharge
2889,42,2024-06-07,125,Investments
2890,43,2025-03-23,1498,Investments
2891,73,2024-02-28,2623,Shopping
2892,25,2025-01-07,1453,Investments
2893,62,2025-08-11,2043,Bill Payment
2894,83,2025-07-01,656,Shopping
2895,81,2025-03-22,1986,Travel
2896,53,2025-06-28,329,Recharge
2897,39,2025-01-21,628,Recharge
2898,69,2024-08-10,176,Recharge
2899,88,2025-07-30,1458,Food
2900,9,2024-12-02,1723,Bill Payment
2901,44,2025-09-12,1636,Shopping
2902,74,2024-12-17,2580,Shopping
2903,77,2025-09-05,578,Food
2904,91,2025-05-13,1388,Bill Payment
2905,35,2024-07-01,473,Travel
2906,31,2024-12-29,430,Food
2907,28,2024-12-28,2250,Shopping
2908,15,2024-04-02,3565,Shopping
2909,12,2025-02-25,4135,Bill Payment
2910,62,2024-09-15,2148,Shopping
2911,44,2025-09-01,2080,Food
2912,100,2024-08-24,1440,Bill Payment
2913,67,2024-05-21,2871,Shopping
2914,93,2025-03-01,249,Travel
2915,92,2024-09-24,2239,Bill Payment
2916,40,2025-04-14,95,Recharge
2917,12,2025-02-05,3230,Bill Payment
2918,14,2025-08-25,4764,Investments
2919,96,2024-02-28,1379,Recharge
2920,98,2024-11-16,1378,Food
2921,26,2024-10-24,888,Food
2922,69,2025-04-05,1407,Investments
2923,16,2024-08-28,2733,Shopping
2924,36,2024-07-26,167,Recharge
2925,72,2024-08-04,2205,Shopping
2926,70,2025-02-08,1534,Food
2927,19,2024-11-25,6270,Recharge
2928,32,2024-03-18,225,Food
2929,79,2025-06-21,1487,Bill Payment
2930,17,2025-01-19,737,Investments
2931,7,2025-01-17,1367,Bill Payment
2932,12,2024-12-28,3993,Shopping
2933,91,2025-08-14,2541,Recharge
2934,81,2025-07-13,2926,Recharge
2935,46,2024-11-14,1379,Shopping
2936,92,2025-09-14,2847,Recharge
2937,11,2025-07-24,6691,Recharge
2938,17,2025-07-13,1261,Investments
2939,60,2025-06-14,498,Food
2940,88,2025-06-14,2739,Travel
2941,61,2024-11-10,1049,Shopping
2942,79,2025-03-31,1156,Travel
2943,24,2025-08-21,2965,Investments
2944,43,2025-05-21,1430,Travel
2945,4,2025-03-26,1035,Bill Payment
2946,45,2025-02-23,2060,Shopping
2947,37,2024-12-12,836,Recharge
2948,74,2025-02-16,621,Bill Payment
2949,52,2024-11-27,538,Recharge
2950,84,2024-11-26,390,Recharge
2951,60,2025-05-02,1741,Shopping
2952,80,2024-09-26,1098,Travel
2953,50,2024-12-08,370,Shopping
2954,89,2025-05-12,2520,Travel
2955,73,2025-08-09,1501,Investments
2956,31,2025-04-16,227,Investments
2957,10,2025-09-04,6556,Travel
2958,15,2025-06-12,5351,Food
2959,72,2025-08-07,499,Travel
2960,23,2025-02-06,1361,Bill Payment
2961,77,2025-06-05,545,Recharge
2962,99,2024-12-11,1652,Travel
2963,83,2024-04-26,2804,Bill Payment
2964,28,2024-10-06,3446,Recharge
2965,97,2024-02-24,2705,Shopping
2966,85,2025-02-07,711,Recharge
2967,38,2025-08-27,449,Travel
2968,26,2024-11-24,942,Food
2969,73,2024-12-06,2883,Travel
2970,92,2024-09-10,1510,Recharge
2971,2,2025-08-04,5509,Travel
2972,17,2024-10-20,7483,Bill Payment
2973,48,2024-04-11,2348,Bill Payment
2974,91,2025-07-09,2393,Food
2975,15,2024-12-08,7555,Bill Payment
2976,31,2025-05-06,492,Recharge
2977,51,2024-12-11,2660,Investments
2978,49,2025-02-24,1763,Travel
2979,70,2024-09-12,965,Travel
2980,18,2025-04-30,2041,Food
2981,54,2024-12-28,731,Investments
2982,17,2024-05-28,1600,Bill Payment
2983,83,2024-07-20,164,Investments
2984,63,2025-04-30,2794,Shopping
2985,11,2025-06-03,1624,Travel
2986,90,2025-05-13,2575,Recharge
2987,24,2025-01-24,1961,Travel
2988,71,2025-04-22,1943,Food
2989,29,2024-12-23,861,Recharge
2990,1,2025-06-20,5234,Investments
2991,31,2025-01-23,779,Food
2992,53,2025-02-16,2337,Food
2993,5,2025-09-12,810,Travel
2994,91,2024-07-11,1609,Recharge
2995,62,2024-08-08,2928,Shopping
2996,94,2024-12-22,2256,Travel
2997,67,2025-06-25,420,Recharge
2998,12,2025-02-07,2508,Investments
2999,95,2024-06-01,2818,Investments
3000,82,2025-03-05,2308,Recharge
3001,7,2024-12-27,7902,Recharge
3002,100,2025-07-24,144,Travel
3003,66,2025-03-27,2021,Investments
3004,43,2025-02-07,1824,Food
3005,38,2024-02-19,221,Investments
3006,77,2025-06-27,1345,Recharge
3007,34,2025-05-17,112,Recharge
3008,22,2024-05-07,2446,Investments
3009,38,2024-02-10,878,Food
3010,63,2024-06-16,437,Recharge
3011,10,2024-11-05,7475,Food
3012,17,2024-10-13,5544,Food
3013,33,2024-05-12,64,Recharge
3014,23,2025-05-12,3827,Investments
3015,20,2025-01-15,5899,Food
3016,23,2025-08-18,1170,Investments
3017,31,2024-08-12,546,Recharge
3018,5,2024-05-05,3308,Shopping
3019,77,2025-08-22,731,Travel
3020,97,2025-03-22,1791,Shopping
3021,85,2025-06-27,1902,Investments
3022,22,2025-03-04,963,Bill Payment
3023,83,2024-06-21,1182,Bill Payment
3024,22,2025-04-28,2000,Travel
3025,39,2025-08-31,537,Shopping
3026,49,2025-03-05,2899,Travel
3027,34,2025-07-15,198,Travel
3028,2,2025-06-02,2865,Travel
3029,87,2025-02-22,1393,Investments
3030,6,2025-07-22,1297,Investments
3031,46,2025-04-05,1868,Investments
3032,35,2024-10-03,393,Food
3033,13,2025-05-13,2591,Recharge
3034,51,2025-08-01,1988,Investments
3035,96,2024-08-22,1090,Recharge
3036,44,2024-09-14,2875,Food
3037,71,2024-04-02,143,Bill Payment
3038,2,2024-06-08,3868,Recharge
3039,14,2025-03-14,6115,Food
3040,29,2024-10-12,3070,Food
3041,25,2024-07-30,239,Recharge
3042,12,2025-04-11,965,Investments
3043,28,2025-05-29,3993,Investments
3044,16,2024-08-13,6300,Bill Payment
3045,78,2025-04-09,632,Investments
3046,98,2024-10-22,2753,Bill Payment
3047,90,2024-11-18,854,Food
3048,60,2024-05-21,2805,Investments
3049,59,2025-07-30,1232,Travel
3050,89,2025-01-22,2834,Food
3051,21,2024-07-30,3297,Food
3052,100,2025-04-26,355,Travel
3053,43,2024-11-02,346,Food
3054,23,2024-08-18,1904,Travel
3055,26,2025-02-10,2599,Shopping
3056,83,2024-06-14,2115,Shopping
3057,70,2024-10-28,1866,Recharge
3058,83,2025-05-21,535,Investments
3059,34,2024-02-23,155,Bill Payment
3060,10,2024-10-08,5180,Travel
3061,3,2025-02-24,7844,Shopping
3062,84,2024-01-22,2722,Bill Payment
3063,86,2024-09-14,1699,Shopping
3064,90,2025-04-08,1450,Recharge
3065,1,2025-06-12,4722,Travel
3066,56,2024-05-28,1754,Recharge
3067,29,2024-12-02,113,Investments
3068,100,2024-08-02,2074,Recharge
3069,69,2024-12-16,1570,Investments
3070,39,2024-04-29,460,Investments
3071,83,2025-03-04,471,Recharge
3072,44,2025-06-27,429,Food
3073,83,2024-08-22,931,Recharge
3074,6,2024-08-07,3647,Food
3075,90,2024-06-21,1697,Investments
3076,89,2025-07-08,1571,Bill Payment
3077,81,2024-10-24,1893,Shopping
3078,5,2024-03-05,2081,Investments
3079,76,2025-05-15,1076,Travel
3080,9,2025-08-25,6994,Investments
3081,40,2025-01-26,561,Travel
3082,3,2024-12-05,803,Bill Payment
3083,44,2025-05-03,275,Bill Payment
3084,28,2025-06-26,3405,Investments
3085,67,2025-07-09,1977,Shopping
3086,95,2024-11-07,2473,Bill Payment
3087,5,2024-07-02,6524,Travel
3088,84,2025-05-18,178,Recharge
3089,6,2024-06-06,2488,Bill Payment
3090,23,2024-08-08,2691,Food
3091,13,2025-04-20,4237,Shopping
3092,76,2024-04-18,361,Bill Payment
3093,64,2024-09-14,2537,Bill Payment
3094,26,2024-12-15,1845,Investments
3095,87,2024-11-09,1746,Bill Payment
3096,88,2025-03-22,2459,Shopping
3097,42,2024-03-29,973,Recharge
3098,23,2024-08-15,1474,Bill Payment
3099,36,2025-08-10,194,Travel
3100,22,2025-03-29,2952,Recharge
3101,22,2024-11-20,1896,Recharge
3102,6,2024-05-06,1592,Investments
3103,79,2024-09-01,1640,Bill Payment
3104,63,2024-02-14,430,Bill Payment
3105,23,2024-08-28,3893,Investments
3106,84,2024-11-07,2531,Travel
3107,89,2024-07-04,2049,Shopping
3108,19,2024-11-12,5741,Recharge
3109,58,2024-11-08,1787,Shopping
3110,79,2024-05-01,2933,Recharge
3111,24,2025-01-19,3037,Recharge
3112,12,2025-08-08,5637,Food
3113,45,2024-07-04,1815,Recharge
3114,31,2024-07-11,246,Recharge
3115,13,2024-12-14,5570,Recharge
3116,65,2025-06-12,998,Investments
3117,85,2024-11-09,952,Bill Payment
3118,25,2025-08-29,561,Shopping
3119,88,2025-02-25,2043,Shopping
3120,21,2024-07-15,2844,Bill Payment
3121,83,2024-12-11,1591,Shopping
3122,56,2025-02-23,1129,Recharge
3123,98,2024-05-30,1956,Bill Payment
3124,95,2024-09-10,314,Shopping
3125,4,2025-04-15,4473,Bill Payment
3126,10,2024-09-22,7832,Investments
3127,57,2025-02-13,2527,Travel
3128,26,2024-12-03,3160,Shopping
3129,100,2025-02-27,551,Shopping
3130,13,2025-06-24,2442,Travel
3131,26,2024-08-17,1638,Bill Payment
3132,61,2025-08-04,2496,Bill Payment
3133,56,2024-10-25,693,Recharge
3134,59,2025-01-16,829,Food
3135,18,2024-10-17,4249,Investments
3136,46,2024-09-08,1204,Food
3137,17,2025-05-12,762,Recharge
3138,8,2024-07-29,2798,Bill Payment
3139,60,2025-05-07,1978,Shopping
3140,98,2024-11-27,1507,Food
3141,78,2024-09-11,742,Recharge
3142,71,2024-06-21,1040,Travel
3143,67,2024-08-15,2103,Recharge
3144,61,2025-01-05,1995,Bill Payment
3145,94,2024-11-18,1853,Shopping
3146,42,2024-09-26,1878,Recharge
3147,20,2025-03-21,7985,Bill Payment
3148,54,2024-04-18,281,Travel
3149,94,2024-04-14,2165,Travel
3150,68,2025-03-09,1715,Investments
3151,13,2025-02-20,4206,Shopping
3152,11,2024-04-16,5075,Investments
3153,94,2024-10-20,1765,Shopping
3154,46,2024-09-27,1311,Investments
3155,12,2025-02-11,630,Investments
3156,40,2025-04-23,215,Travel
3157,74,2024-06-13,2490,Travel
3158,60,2025-04-24,667,Shopping
3159,48,2025-06-06,2667,Investments
3160,82,2024-07-01,105,Travel
3161,89,2025-08-22,1463,Bill Payment
3162,38,2024-10-16,486,Investments
3163,79,2024-10-22,2321,Investments
3164,11,2025-03-13,5582,Investments
3165,8,2025-08-29,4716,Investments
3166,47,2024-07-03,311,Travel
3167,47,2025-03-20,2006,Bill Payment
3168,47,2024-08-05,1600,Investments
3169,72,2024-07-17,2987,Recharge
3170,91,2024-07-24,938,Food
3171,31,2024-07-09,602,Investments
3172,62,2025-06-23,2476,Shopping
3173,97,2025-01-17,1023,Food
3174,35,2025-05-01,565,Travel
3175,36,2024-08-20,105,Food
3176,45,2025-03-07,1953,Recharge
3177,68,2025-03-04,602,Investments
3178,69,2025-07-08,2878,Food
3179,58,2025-01-13,2643,Investments
3180,89,2024-09-05,368,Travel
3181,12,2024-12-28,1156,Shopping
3182,37,2024-08-11,128,Shopping
3183,36,2025-07-10,164,Shopping
3184,64,2024-08-29,716,Recharge
3185,81,2025-02-07,192,Travel
3186,88,2024-08-22,2317,Travel
3187,45,2025-02-14,1820,Investments
3188,83,2024-12-18,187,Shopping
3189,9,2024-10-13,680,Recharge
3190,83,2025-04-20,1475,Recharge
3191,44,2025-02-11,2785,Travel
3192,76,2025-06-26,2827,Recharge
3193,57,2025-01-22,1975,Recharge
3194,17,2025-07-01,7858,Food
3195,22,2024-12-07,3332,Shopping
3196,62,2024-11-23,1623,Bill Payment
3197,19,2024-11-26,3392,Travel
3198,22,2024-08-27,2633,Investments
3199,69,2024-07-14,1268,Shopping
3200,91,2025-08-21,2937,Investments
3201,20,2024-09-30,1820,Bill Payment
3202,6,2025-09-04,3093,Shopping
3203,57,2025-03-30,1166,Shopping
3204,27,2024-02-19,2403,Investments
3205,41,2024-06-25,1508,Food
3206,58,2024-09-30,2311,Recharge
3207,39,2024-03-29,174,Travel
3208,64,2025-05-16,695,Food
3209,20,2025-06-14,535,Recharge
3210,65,2024-12-21,1456,Travel
3211,38,2025-08-23,822,Investments
3212,19,2025-09-09,7050,Investments
3213,57,2024-07-10,1487,Investments
3214,62,2024-09-08,264,Investments
3215,71,2025-02-03,578,Bill Payment
3216,52,2025-08-18,2629,Shopping
3217,58,2024-08-25,1563,Food
3218,8,2025-04-14,5481,Shopping
3219,75,2024-09-13,2256,Food
3220,26,2024-03-30,192,Recharge
3221,58,2025-06-17,2873,Bill Payment
3222,66,2024-09-14,1715,Travel
3223,41,2025-07-02,2570,Bill Payment
3224,86,2024-11-20,1578,Shopping
3225,92,2025-02-01,1851,Travel
3226,48,2024-12-04,149,Food
3227,45,2025-02-15,1361,Recharge
3228,12,2025-06-18,2266,Travel
3229,95,2025-06-10,1802,Food
3230,21,2025-06-30,3400,Travel
3231,94,2024-07-31,1796,Recharge
3232,77,2024-09-01,452,Shopping
3233,39,2025-08-23,536,Food
3234,9,2025-03-09,5338,Bill Payment
3235,1,2024-11-01,3854,Travel
3236,23,2025-03-07,2376,Investments
3237,73,2024-08-21,660,Shopping
3238,49,2025-08-20,1285,Travel
3239,6,2024-11-29,7240,Recharge
3240,39,2025-06-21,555,Shopping
3241,4,2024-07-27,6981,Shopping
3242,34,2025-05-16,357,Bill Payment
3243,84,2024-11-11,2827,Travel
3244,23,2025-07-01,2114,Investments
3245,32,2024-05-07,79,Food
3246,64,2025-02-06,373,Recharge
3247,62,2025-02-07,2416,Food
3248,81,2025-08-13,2909,Investments
3249,16,2025-03-02,3557,Investments
3250,74,2025-08-07,171,Food
3251,21,2024-07-22,2482,Shopping
3252,41,2024-06-12,1988,Food
3253,21,2024-11-09,316,Food
3254,54,2025-03-07,2706,Bill Payment
3255,38,2025-07-09,348,Investments
3256,10,2024-08-11,4709,Investments
3257,24,2024-06-26,3232,Recharge
3258,97,2025-09-02,784,Food
3259,41,2024-11-29,2905,Food
3260,88,2025-06-03,2958,Food
3261,13,2025-04-04,4877,Food
3262,19,2024-06-28,605,Recharge
3263,37,2025-07-20,431,Travel
3264,53,2025-08-11,1493,Shopping
3265,14,2024-10-16,2284,Recharge
3266,29,2024-08-24,3506,Recharge
3267,79,2025-09-13,2924,Recharge
3268,92,2025-07-21,2357,Bill Payment
3269,54,2024-05-25,1986,Bill Payment
3270,17,2025-01-23,642,Food
3271,40,2024-10-30,757,Shopping
3272,57,2025-09-03,2547,Food
3273,23,2024-12-16,3007,Bill Payment
3274,96,2024-09-19,585,Shopping
3275,89,2024-10-15,683,Food
3276,17,2024-07-28,2219,Bill Payment
3277,55,2024-07-27,2929,Bill Payment
3278,3,2025-02-17,6846,Travel
3279,6,2024-05-14,2108,Bill Payment
3280,85,2025-04-20,2203,Bill Payment
3281,61,2024-12-10,587,Bill Payment
3282,9,2024-02-29,2971,Bill Payment
3283,16,2024-09-26,5429,Recharge
3284,26,2024-12-29,856,Bill Payment
3285,12,2025-08-18,1692,Investments
3286,36,2025-01-13,643,Food
3287,21,2025-03-06,3602,Investments
3288,79,2025-08-23,1090,Recharge
3289,9,2024-03-04,1311,Recharge
3290,28,2024-11-02,3031,Food
3291,22,2024-03-20,3793,Investments
3292,13,2025-02-25,2253,Investments
3293,61,2024-10-01,1601,Travel
3294,87,2024-08-27,539,Food
3295,49,2024-09-06,1837,Recharge
3296,30,2024-09-07,1769,Food
3297,16,2024-08-08,4316,Recharge
3298,18,2025-04-06,4561,Investments
3299,37,2025-06-21,620,Bill Payment
3300,11,2025-08-22,3187,Bill Payment
3301,50,2025-02-05,1261,Recharge
3302,95,2025-06-11,1377,Shopping
3303,71,2025-01-16,1768,Travel
3304,25,2024-08-22,3609,Travel
3305,87,2024-08-26,1605,Bill Payment
3306,87,2025-05-06,2113,Bill Payment
3307,51,2025-03-26,1894,Investments
3308,87,2024-07-27,448,Shopping
3309,51,2025-06-22,1740,Recharge
3310,14,2024-10-23,6573,Bill Payment
3311,47,2024-10-28,915,Shopping
3312,77,2024-08-21,1755,Shopping
3313,55,2025-01-14,2144,Investments
3314,99,2025-04-26,2483,Food
3315,97,2025-04-08,2737,Food
3316,61,2025-05-14,2830,Travel
3317,66,2024-08-21,1242,Travel
3318,14,2024-12-04,1500,Travel
3319,64,2024-06-18,1045,Bill Payment
3320,13,2024-07-09,6544,Bill Payment
3321,64,2024-02-29,2877,Shopping
3322,49,2024-12-30,2576,Shopping
3323,39,2024-06-10,686,Bill Payment
3324,85,2025-07-18,2229,Travel
3325,60,2024-12-30,927,Investments
3326,64,2025-07-02,2108,Food
3327,70,2024-04-06,1507,Bill Payment
3328,56,2025-04-14,587,Travel
3329,41,2025-04-23,1641,Travel
3330,5,2024-08-08,769,Recharge
3331,85,2025-06-17,1341,Shopping
3332,63,2024-06-24,1864,Food
3333,92,2025-04-02,1693,Bill Payment
3334,73,2025-06-15,2864,Investments
3335,71,2025-07-19,2907,Travel
3336,72,2025-02-27,740,Bill Payment
3337,51,2025-03-12,1178,Recharge
3338,49,2025-01-26,2626,Food
3339,42,2024-03-11,351,Recharge
3340,6,2025-02-03,1550,Food
3341,95,2024-04-10,2491,Investments
3342,44,2024-06-21,1658,Travel
3343,45,2025-01-28,1563,Food
3344,8,2024-09-23,5916,Shopping
3345,31,2024-10-18,713,Recharge
3346,11,2024-06-10,7957,Food
3347,15,2024-08-15,3265,Bill Payment
3348,69,2024-02-17,1435,Travel
3349,85,2025-04-07,1830,Recharge
3350,54,2024-03-28,1192,Investments
3351,61,2024-04-17,2508,Food
3352,49,2025-03-05,2436,Food
3353,74,2025-07-19,500,Travel
3354,13,2025-05-23,6159,Shopping
3355,44,2025-08-10,2134,Investments
3356,44,2025-01-14,782,Food
3357,56,2025-08-08,926,Investments
3358,10,2025-07-27,7384,Shopping
3359,37,2024-07-11,321,Food
3360,74,2025-07-17,1746,Shopping
3361,80,2024-07-23,476,Recharge
3362,44,2024-05-21,1219,Recharge
3363,68,2025-02-10,2046,Shopping
3364,45,2025-05-31,414,Food
3365,65,2025-05-11,1328,Investments
3366,70,2024-10-09,1383,Travel
3367,52,2025-04-29,1129,Recharge
3368,59,2025-07-27,2850,Recharge
3369,24,2024-05-18,3708,Investments
3370,91,2025-07-30,2214,Shopping
3371,74,2024-09-18,2144,Investments
3372,96,2024-11-05,2014,Investments
3373,69,2025-03-29,2616,Recharge
3374,94,2024-05-11,2667,Recharge
3375,26,2025-04-22,1592,Shopping
3376,31,2025-05-29,204,Investments
3377,98,2025-07-05,1329,Travel
3378,41,2024-08-21,363,Travel
3379,35,2024-10-11,893,Investments
3380,21,2025-06-09,1150,Recharge
3381,31,2024-09-11,465,Bill Payment
3382,20,2024-06-15,2072,Shopping
3383,40,2025-01-01,525,Recharge
3384,56,2024-04-24,1828,Shopping
3385,21,2024-08-31,1217,Bill Payment
3386,34,2024-10-29,858,Investments
3387,71,2024-05-07,820,Investments
3388,63,2024-04-04,181,Bill Payment
3389,41,2024-11-26,2564,Bill Payment
3390,53,2025-04-05,1588,Investments
3391,12,2025-08-14,3751,Investments
3392,18,2024-07-25,2433,Recharge
3393,95,2024-07-15,2149,Recharge
3394,86,2025-08-30,2477,Recharge
3395,33,2024-04-20,558,Shopping
3396,77,2025-07-20,600,Food
3397,43,2025-03-17,2493,Investments
3398,96,2025-04-13,1066,Shopping
3399,19,2024-08-06,1375,Shopping
3400,36,2025-02-13,500,Food
3401,76,2025-05-17,329,Recharge
3402,48,2024-06-11,2965,Food
3403,70,2025-07-18,1835,Investments
3404,32,2024-06-02,334,Food
3405,61,2025-02-04,1606,Bill Payment
3406,83,2024-03-30,2581,Investments
3407,85,2025-06-09,323,Investments
3408,31,2025-02-18,309,Travel
3409,40,2025-08-31,704,Investments
3410,47,2024-07-09,2906,Recharge
3411,31,2024-12-24,928,Travel
3412,2,2025-04-06,7952,Food
3413,39,2024-10-31,142,Food
3414,27,2024-06-27,3620,Travel
3415,81,2025-06-03,1399,Bill Payment
3416,36,2024-08-29,937,Travel
3417,61,2025-03-01,1791,Investments
3418,55,2024-09-15,511,Investments
3419,34,2024-03-26,568,Food
3420,54,2025-02-05,2566,Travel
3421,89,2024-04-19,212,Investments
3422,83,2025-05-23,852,Investments
3423,18,2025-05-17,525,Shopping
3424,81,2025-02-28,1351,Recharge
3425,11,2024-09-12,1407,Shopping
3426,67,2024-05-19,2759,Recharge
3427,88,2025-07-26,1780,Food
3428,58,2025-07-20,2059,Shopping
3429,34,2024-12-19,227,Food
3430,26,2025-03-04,445,Food
3431,24,2025-07-31,1711,Travel
3432,74,2024-06-11,1019,Bill Payment
3433,72,2025-04-22,2750,Investments
3434,30,2024-08-26,3814,Travel
3435,26,2024-06-25,1172,Bill Payment
3436,52,2025-01-19,2631,Recharge
3437,34,2024-04-19,202,Food
3438,22,2024-07-14,3979,Bill Payment
3439,92,2025-03-06,2253,Travel
3440,87,2024-07-26,2124,Shopping
3441,92,2024-11-01,932,Food
3442,37,2025-02-25,814,Travel
3443,17,2025-08-04,4033,Shopping
3444,77,2025-08-15,982,Food
3445,94,2024-09-20,2873,Travel
3446,24,2025-06-18,1773,Shopping
3447,4,2024-12-07,2877,Shopping
3448,80,2024-12-27,1947,Food
3449,75,2025-05-13,2902,Bill Payment
3450,2,2024-07-14,4341,Food
3451,89,2024-09-30,1728,Investments
3452,50,2025-06-28,1833,Recharge
3453,33,2024-04-25,124,Recharge
3454,8,2024-11-07,926,Shopping
3455,61,2024-05-11,1551,Bill Payment
3456,33,2025-02-12,566,Food
3457,51,2025-01-07,2849,Shopping
3458,72,2025-04-06,268,Shopping
3459,34,2025-06-17,223,Travel
3460,44,2024-07-27,2017,Bill Payment
3461,41,2025-04-13,2272,Shopping
3462,34,2024-12-04,169,Bill Payment
3463,17,2025-08-12,4589,Food
3464,96,2025-04-20,1576,Food
3465,34,2024-10-15,677,Recharge
3466,41,2024-07-12,1884,Food
3467,95,2024-08-15,2112,Recharge
3468,85,2025-08-03,2707,Travel
3469,7,2024-09-19,2047,Bill Payment
3470,30,2024-07-30,850,Travel
3471,34,2025-05-11,217,Travel
3472,15,2025-07-14,7833,Bill Payment
3473,57,2025-07-26,1560,Travel
3474,64,2024-07-02,560,Bill Payment
3475,45,2024-10-14,483,Food
3476,24,2024-08-03,3519,Investments
3477,66,2025-03-22,1217,Investments
3478,75,2024-02-03,969,Recharge
3479,99,2024-09-27,2437,Travel
3480,10,2025-06-19,2516,Investments
3481,13,2024-11-27,7769,Bill Payment
3482,37,2025-05-31,747,Bill Payment
3483,51,2025-04-30,1630,Bill Payment
3484,42,2024-03-12,729,Bill Payment
3485,59,2025-06-04,2998,Travel
3486,59,2024-11-16,2673,Recharge
3487,85,2024-12-06,123,Bill Payment
3488,84,2025-04-29,2649,Food
3489,94,2024-07-21,2431,Shopping
3490,7,2025-05-30,7066,Food
3491,42,2024-04-24,327,Recharge
3492,78,2024-06-23,1662,Travel
3493,33,2024-09-20,232,Travel
3494,12,2025-08-21,668,Shopping
3495,21,2025-07-27,1691,Travel
3496,37,2025-07-07,712,Investments
3497,20,2024-10-31,1487,Travel
3498,56,2024-07-30,1370,Food
3499,86,2025-07-01,493,Food
3500,66,2025-02-12,918,Travel
3501,50,2024-11-01,2051,Recharge
3502,77,2024-08-05,1832,Travel
3503,48,2024-08-25,2614,Travel
3504,81,2024-07-17,1844,Bill Payment
3505,66,2025-01-30,1499,Investments
3506,29,2025-05-06,2752,Investments
3507,20,2025-02-25,4557,Investments
3508,83,2024-05-19,2249,Food
3509,60,2024-05-25,1891,Travel
3510,39,2024-07-12,202,Investments
3511,39,2024-11-13,911,Recharge
3512,55,2024-05-22,1310,Recharge
3513,10,2025-07-04,869,Bill Payment
3514,66,2025-01-04,1840,Bill Payment
3515,60,2024-11-19,2806,Food
3516,33,2024-04-11,649,Recharge
3517,3,2025-06-29,1433,Investments
3518,60,2024-09-07,835,Travel
3519,6,2025-03-26,1182,Investments
3520,39,2025-06-12,371,Investments
3521,58,2025-08-26,2655,Food
3522,44,2024-10-16,866,Shopping
3523,11,2024-12-25,6619,Investments
3524,14,2025-04-28,4053,Bill Payment
3525,1,2024-05-25,3735,Bill Payment
3526,22,2025-07-17,2786,Travel
3527,89,2025-07-08,1759,Food
3528,80,2025-04-21,2626,Investments
3529,87,2025-05-07,2927,Travel
3530,39,2024-07-10,139,Shopping
3531,2,2024-06-22,2063,Bill Payment
3532,90,2024-03-31,870,Shopping
3533,62,2024-09-11,2756,Investments
3534,31,2025-07-17,496,Investments
3535,69,2024-04-07,881,Food
3536,99,2024-09-10,1998,Travel
3537,55,2024-08-01,189,Shopping
3538,20,2025-05-26,6552,Travel
3539,63,2024-02-28,2031,Travel
3540,75,2024-08-23,1093,Food
3541,73,2024-03-22,1704,Food
3542,2,2025-05-16,1341,Travel
3543,64,2025-08-22,2470,Food
3544,5,2025-03-24,4493,Travel
3545,66,2025-06-13,2520,Recharge
3546,87,2024-09-22,2098,Investments
3547,8,2024-05-30,4827,Travel
3548,74,2025-03-11,1393,Bill Payment
3549,35,2025-04-14,964,Travel
3550,61,2025-08-14,578,Recharge
3551,83,2025-05-28,1520,Investments
3552,56,2024-08-30,185,Food
3553,93,2025-03-06,887,Food
3554,57,2025-08-18,1050,Shopping
3555,76,2024-12-13,2905,Recharge
3556,92,2025-03-23,2790,Shopping
3557,38,2025-02-16,790,Travel
3558,87,2025-06-07,2772,Food
3559,61,2024-10-24,763,Food
3560,89,2025-07-04,453,Shopping
3561,23,2024-10-02,917,Recharge
3562,63,2025-04-08,513,Travel
3563,39,2024-10-04,290,Recharge
3564,7,2025-01-04,648,Food
3565,46,2024-08-17,2872,Shopping
3566,65,2024-04-28,230,Food
3567,56,2024-11-05,566,Bill Payment
3568,72,2025-02-17,1017,Food
3569,44,2024-04-30,1555,Recharge
3570,35,2024-08-03,967,Investments
3571,66,2025-05-15,2575,Bill Payment
3572,91,2025-09-01,306,Travel
3573,59,2024-08-25,554,Recharge
3574,79,2024-05-05,517,Recharge
3575,14,2025-06-16,1868,Bill Payment
3576,27,2025-01-19,3831,Shopping
3577,94,2025-06-06,1296,Recharge
3578,64,2024-07-08,506,Investments
3579,47,2025-07-01,1470,Shopping
3580,16,2024-09-24,7451,Travel
3581,54,2024-11-14,126,Travel
3582,44,2025-08-13,1274,Shopping
3583,11,2025-04-20,2679,Investments
3584,97,2025-02-27,1799,Investments
3585,86,2024-07-17,1105,Recharge
3586,54,2024-07-27,1034,Travel
3587,53,2025-07-30,1776,Travel
3588,67,2025-01-11,2894,Bill Payment
3589,57,2024-03-27,696,Investments
3590,67,2024-04-02,385,Food
3591,41,2024-07-12,1745,Travel
3592,8,2025-06-13,3721,Bill Payment
3593,85,2024-09-06,2727,Recharge
3594,8,2025-05-21,5674,Investments
3595,67,2025-03-11,1311,Travel
3596,88,2025-03-26,2970,Food
3597,93,2025-01-01,1384,Bill Payment
3598,36,2025-04-15,971,Recharge
3599,19,2025-03-28,6236,Travel
3600,83,2025-09-03,940,Recharge
3601,80,2025-07-13,2770,Investments
3602,45,2025-01-25,2757,Shopping
3603,39,2024-04-10,136,Recharge
3604,43,2024-06-20,1697,Recharge
3605,70,2024-10-23,1262,Bill Payment
3606,66,2024-11-13,2360,Recharge
3607,44,2024-08-24,2703,Bill Payment
3608,4,2025-09-06,7793,Recharge
3609,76,2024-09-04,1159,Food
3610,93,2025-03-24,1831,Bill Payment
3611,94,2025-03-27,345,Food
3612,81,2025-04-10,2178,Bill Payment
3613,7,2025-06-03,6697,Bill Payment
3614,58,2025-04-28,1320,Investments
3615,1,2025-01-08,4212,Shopping
3616,96,2025-09-06,2482,Investments
3617,81,2024-12-08,2825,Food
3618,39,2024-07-25,341,Investments
3619,49,2024-10-10,2228,Bill Payment
3620,42,2024-08-27,2215,Food
3621,59,2024-09-15,501,Investments
3622,55,2024-06-26,1787,Bill Payment
3623,8,2025-08-18,3980,Shopping
3624,61,2025-06-25,979,Bill Payment
3625,48,2025-08-08,2872,Travel
3626,76,2025-06-15,2389,Travel
3627,34,2025-06-12,648,Investments
3628,55,2025-08-18,1902,Investments
3629,54,2024-08-02,767,Recharge
3630,17,2025-05-22,4471,Travel
3631,17,2025-02-09,6271,Recharge
3632,16,2024-09-29,6189,Travel
3633,61,2024-09-02,233,Recharge
3634,48,2025-04-10,586,Bill Payment
3635,16,2025-04-01,3527,Food
3636,6,2024-06-29,4782,Bill Payment
3637,48,2025-03-06,1348,Food
3638,38,2024-02-11,547,Shopping
3639,19,2025-04-15,6920,Bill Payment
3640,40,2024-09-20,960,Shopping
3641,24,2025-05-22,3455,Travel
3642,1,2025-08-09,1502,Food
3643,9,2024-04-04,7630,Travel
3644,62,2024-12-04,2447,Recharge
3645,58,2025-08-13,1483,Travel
3646,61,2024-08-08,2580,Shopping
3647,65,2025-06-08,2706,Travel
3648,86,2024-07-16,1939,Investments
3649,42,2025-04-06,465,Travel
3650,30,2025-01-30,3787,Food
3651,70,2025-06-15,287,Investments
3652,36,2024-09-02,711,Shopping
3653,91,2025-03-03,201,Investments
3654,99,2024-12-02,2997,Recharge
3655,83,2024-05-21,607,Shopping
3656,80,2024-06-10,2319,Recharge
3657,67,2025-05-08,875,Recharge
3658,3,2025-05-18,1485,Recharge
3659,24,2024-09-26,177,Shopping
3660,32,2025-08-21,899,Travel
3661,11,2025-02-26,7110,Travel
3662,76,2025-05-18,284,Bill Payment
3663,44,2024-09-14,1890,Travel
3664,4,2025-04-22,7542,Food
3665,49,2024-05-03,1153,Bill Payment
3666,13,2024-09-06,4938,Food
3667,19,2024-10-27,1996,Bill Payment
3668,20,2024-12-26,3013,Investments
3669,22,2025-02-12,341,Shopping
3670,4,2024-08-24,6343,Food
3671,50,2024-11-27,504,Shopping
3672,53,2024-09-06,1427,Travel
3673,16,2024-09-24,924,Shopping
3674,97,2024-10-23,2545,Travel
3675,66,2024-12-21,2166,Bill Payment
3676,35,2024-10-27,112,Travel
3677,71,2024-05-31,1767,Travel
3678,4,2025-06-15,3838,Shopping
3679,3,2025-03-25,2704,Recharge
3680,87,2024-09-30,515,Recharge
3681,84,2024-11-28,614,Recharge
3682,53,2024-06-08,1926,Investments
3683,65,2024-07-17,933,Food
3684,70,2024-11-25,788,Recharge
3685,55,2025-07-10,2373,Bill Payment
3686,1,2025-05-16,7157,Recharge
3687,38,2024-07-03,718,Bill Payment
3688,8,2024-10-07,4450,Recharge
3689,33,2025-02-11,909,Food
3690,81,2025-01-26,971,Bill Payment
3691,21,2025-03-23,3127,Recharge
3692,9,2024-05-20,2962,Travel
3693,90,2024-07-25,603,Investments
3694,72,2025-09-05,1244,Travel
3695,27,2025-06-14,2600,Food
3696,88,2025-05-07,1503,Food
3697,97,2025-06-01,2998,Food
3698,32,2024-11-30,728,Food
3699,27,2024-12-16,1983,Bill Payment
3700,89,2024-02-28,647,Recharge
3701,61,2024-04-04,117,Investments
3702,23,2025-04-24,1792,Investments
3703,91,2025-06-09,2102,Travel
3704,69,2024-03-29,432,Recharge
3705,4,2025-07-04,7811,Travel
3706,87,2024-11-23,605,Travel
3707,77,2025-01-04,1566,Shopping
3708,99,2024-07-01,2955,Bill Payment
3709,60,2024-09-18,1617,Travel
3710,2,2024-03-20,2314,Food
3711,88,2024-09-22,1565,Bill Payment
3712,79,2025-01-28,2660,Investments
3713,29,2025-01-27,1059,Food
3714,5,2025-06-27,2799,Investments
3715,91,2024-08-30,2582,Bill Payment
3716,26,2025-02-13,3463,Bill Payment
3717,36,2025-04-01,632,Travel
3718,22,2024-09-30,2360,Investments
3719,95,2024-09-09,2417,Bill Payment
3720,76,2024-03-07,625,Shopping
3721,34,2024-09-08,633,Recharge
3722,94,2024-09-23,1223,Investments
3723,3,2025-05-28,6176,Recharge
3724,79,2025-07-01,1135,Bill Payment
3725,55,2024-05-27,2725,Food
3726,56,2024-12-23,1766,Bill Payment
3727,88,2025-02-09,2222,Travel
3728,47,2025-05-31,2218,Bill Payment
3729,93,2024-08-02,1019,Food
3730,54,2025-06-10,2280,Food
3731,1,2024-08-13,3710,Food
3732,11,2024-04-29,7709,Investments
3733,29,2024-12-22,2924,Bill Payment
3734,32,2024-06-22,251,Food
3735,40,2025-03-14,114,Investments
3736,13,2025-02-12,728,Travel
3737,4,2025-09-07,5354,Investments
3738,43,2024-10-22,1125,Bill Payment
3739,61,2025-03-09,1076,Bill Payment
3740,43,2024-10-11,2228,Bill Payment
3741,100,2025-06-23,2557,Bill Payment
3742,81,2024-08-18,1928,Bill Payment
3743,8,2024-11-30,773,Food
3744,89,2024-07-05,366,Bill Payment
3745,57,2025-01-19,324,Recharge
3746,81,2024-06-19,1868,Bill Payment
3747,87,2025-03-09,328,Bill Payment
3748,38,2025-02-07,920,Travel
3749,13,2025-07-02,5556,Travel
3750,30,2025-05-14,3641,Investments
3751,80,2025-07-25,143,Travel
3752,60,2024-06-16,1853,Food
3753,84,2024-02-17,2867,Travel
3754,67,2025-08-30,1444,Shopping
3755,14,2024-08-04,1341,Recharge
3756,92,2025-05-26,376,Shopping
3757,74,2025-04-23,616,Recharge
3758,33,2025-03-25,413,Travel
3759,93,2025-02-21,2643,Shopping
3760,32,2024-02-20,190,Bill Payment
3761,17,2025-03-18,3053,Travel
3762,66,2025-06-28,2769,Food
3763,40,2025-07-25,647,Recharge
3764,100,2024-08-28,696,Travel
3765,40,2024-10-20,667,Food
3766,48,2025-07-31,133,Recharge
3767,85,2024-09-03,2878,Bill Payment
3768,31,2025-07-05,569,Recharge
3769,7,2024-12-28,3957,Shopping
3770,26,2024-07-29,2723,Bill Payment
3771,44,2025-07-14,875,Investments
3772,89,2025-01-30,2014,Recharge
3773,73,2024-12-01,1474,Travel
3774,43,2024-05-29,764,Travel
3775,6,2024-09-05,4562,Bill Payment
3776,82,2024-12-11,1013,Travel
3777,80,2024-12-17,973,Travel
3778,95,2025-04-02,1457,Shopping
3779,52,2025-08-10,854,Bill Payment
3780,47,2024-06-14,140,Food
3781,4,2024-09-22,5044,Shopping
3782,38,2024-07-31,500,Investments
3783,75,2024-03-14,1574,Bill Payment
3784,26,2024-10-21,910,Shopping
3785,29,2024-10-01,3726,Investments
3786,23,2025-04-23,1491,Shopping
3787,23,2024-07-25,902,Shopping
3788,34,2024-05-01,982,Bill Payment
3789,87,2024-12-07,662,Investments
3790,15,2024-09-26,3272,Food
3791,59,2025-01-07,1083,Food
3792,85,2025-03-17,801,Recharge
3793,56,2024-07-17,367,Shopping
3794,17,2024-08-28,7011,Shopping
3795,69,2025-01-27,1649,Food
3796,77,2025-05-11,1859,Shopping
3797,6,2024-08-05,6751,Recharge
3798,38,2024-06-14,858,Food
3799,32,2024-10-18,104,Shopping
3800,66,2025-09-03,2492,Travel
3801,27,2024-04-07,3079,Travel
3802,85,2024-07-24,2618,Shopping
3803,66,2025-06-26,1689,Investments
3804,97,2025-03-13,2185,Travel
3805,67,2024-07-08,2001,Food
3806,92,2025-04-22,1631,Investments
3807,62,2025-02-26,2126,Food
3808,75,2024-03-07,1742,Shopping
3809,29,2024-08-31,3765,Travel
3810,31,2024-08-31,455,Food
3811,55,2024-09-11,1644,Food
3812,33,2024-04-14,613,Shopping
3813,97,2024-12-22,444,Travel
3814,67,2024-08-29,1540,Recharge
3815,6,2025-07-02,4311,Recharge
3816,44,2025-06-18,1845,Travel
3817,56,2025-03-29,1775,Travel
3818,41,2025-02-20,1218,Bill Payment
3819,23,2024-11-10,1909,Food
3820,83,2025-02-25,410,Bill Payment
3821,38,2025-06-10,912,Recharge
3822,70,2024-06-07,2736,Food
3823,30,2024-09-10,503,Bill Payment
3824,47,2025-02-11,256,Shopping
3825,43,2025-01-14,905,Food
3826,39,2024-12-10,813,Shopping
3827,91,2024-07-24,2574,Investments
3828,95,2024-12-06,2324,Bill Payment
3829,99,2024-11-18,1326,Food
3830,52,2025-08-08,1761,Recharge
3831,97,2024-03-07,2784,Travel
3832,84,2024-06-22,2199,Travel
3833,30,2025-07-17,1029,Investments
3834,27,2024-09-10,2043,Recharge
3835,76,2025-04-24,2363,Investments
3836,60,2024-05-31,1495,Food
3837,25,2025-08-16,1856,Investments
3838,54,2025-05-31,958,Travel
3839,72,2024-12-21,223,Shopping
3840,74,2024-11-04,625,Investments
3841,2,2025-02-26,4594,Food
3842,29,2024-12-23,1816,Investments
3843,97,2025-08-27,1752,Food
3844,42,2024-03-06,2504,Recharge
3845,5,2024-07-15,1639,Food
3846,73,2025-09-08,2679,Travel
3847,49,2025-03-06,936,Bill Payment
3848,69,2024-07-20,1682,Travel
3849,14,2025-05-16,3193,Travel
3850,82,2024-07-24,1347,Shopping
3851,14,2025-05-08,6028,Shopping
3852,5,2025-06-23,7270,Bill Payment
3853,24,2024-06-13,915,Travel
3854,37,2024-10-14,260,Food
3855,85,2024-07-26,2247,Travel
3856,8,2025-02-10,3519,Bill Payment
3857,22,2025-05-10,1438,Travel
3858,21,2024-08-28,553,Recharge
3859,54,2024-05-17,2058,Travel
3860,27,2024-08-12,632,Food
3861,56,2025-07-17,2822,Shopping
3862,78,2025-02-01,2455,Recharge
3863,26,2025-04-18,2158,Food
3864,26,2024-05-30,130,Travel
3865,9,2025-04-02,7254,Recharge
3866,32,2024-12-07,588,Recharge
3867,63,2025-05-26,1984,Recharge
3868,6,2024-04-27,6539,Food
3869,83,2025-02-13,1969,Investments
3870,92,2025-02-12,1318,Recharge
3871,23,2024-11-18,1800,Shopping
3872,80,2025-07-29,1869,Travel
3873,85,2025-06-13,851,Recharge
3874,13,2025-06-04,3723,Bill Payment
3875,31,2025-07-31,956,Shopping
3876,36,2025-06-05,953,Recharge
3877,38,2024-03-22,732,Investments
3878,93,2025-03-18,989,Travel
3879,98,2024-08-18,2364,Food
3880,10,2024-05-12,6688,Recharge
3881,99,2025-01-22,1435,Travel
3882,22,2024-10-14,1135,Recharge
3883,6,2024-02-21,4286,Bill Payment
3884,82,2025-08-05,2944,Travel
3885,44,2024-09-29,1735,Travel
3886,5,2024-10-22,587,Bill Payment
3887,91,2024-10-29,659,Investments
3888,96,2025-06-15,2001,Travel
3889,9,2025-09-02,1176,Investments
3890,32,2025-03-29,780,Shopping
3891,61,2024-09-07,1243,Shopping
3892,3,2024-08-05,5472,Shopping
3893,38,2025-07-14,177,Investments
3894,51,2024-08-10,789,Investments
3895,98,2025-01-20,145,Shopping
3896,57,2024-09-15,1566,Shopping
3897,92,2025-07-07,241,Recharge
3898,28,2025-07-18,1910,Bill Payment
3899,82,2024-08-03,2241,Travel
3900,89,2025-05-25,1362,Bill Payment
3901,77,2024-07-14,119,Travel
3902,99,2024-11-01,926,Food
3903,31,2024-06-27,254,Bill Payment
3904,54,2024-03-22,214,Food
3905,25,2025-06-25,2885,Bill Payment
3906,29,2024-07-08,3713,Investments
3907,22,2024-09-03,3065,Bill Payment
3908,54,2024-06-26,2199,Food
3909,42,2024-08-24,2402,Recharge
3910,27,2025-07-22,3927,Travel
3911,55,2024-11-27,594,Shopping
3912,14,2025-01-10,3421,Shopping
3913,2,2025-01-17,3794,Bill Payment
3914,50,2025-02-06,971,Shopping
3915,9,2024-11-30,5890,Investments
3916,80,2024-05-31,1611,Bill Payment
3917,28,2024-12-28,1783,Recharge
3918,64,2025-08-04,517,Recharge
3919,22,2024-06-21,1131,Recharge
3920,42,2025-03-15,2684,Investments
3921,99,2024-09-03,2941,Food
3922,23,2025-08-07,2702,Investments
3923,41,2025-06-02,2829,Bill Payment
3924,43,2025-05-16,172,Travel
3925,66,2025-06-21,2723,Shopping
3926,65,2024-03-07,2506,Shopping
3927,3,2025-07-08,5549,Bill Payment
3928,40,2025-05-10,292,Travel
3929,97,2024-05-15,1097,Bill Payment
3930,18,2025-08-25,3568,Food
3931,26,2025-01-23,721,Shopping
3932,83,2024-10-24,255,Investments
3933,77,2025-07-03,1917,Food
3934,18,2025-02-21,2778,Investments
3935,98,2025-06-14,262,Investments
3936,37,2024-06-29,818,Shopping
3937,94,2025-02-24,1456,Shopping
3938,27,2024-03-10,2309,Investments
3939,32,2024-08-20,870,Recharge
3940,49,2024-12-25,2235,Shopping
3941,57,2024-03-23,2679,Bill Payment
3942,63,2024-08-23,386,Bill Payment
3943,82,2024-11-15,679,Shopping
3944,12,2025-04-10,1922,Recharge
3945,27,2025-06-17,1067,Bill Payment
3946,55,2025-02-16,2013,Shopping
3947,93,2024-11-11,909,Travel
3948,23,2024-11-18,2581,Food
3949,37,2025-02-01,640,Investments
3950,26,2025-05-11,1213,Bill Payment
3951,47,2024-11-17,1731,Shopping
3952,61,2025-06-01,1907,Recharge
3953,79,2024-08-30,1875,Travel
3954,3,2024-12-27,6741,Travel
3955,11,2025-02-05,6716,Recharge
3956,69,2025-07-29,725,Investments
3957,23,2025-01-24,1153,Travel
3958,40,2024-09-20,514,Travel
3959,72,2025-02-14,2582,Bill Payment
3960,43,2025-06-06,659,Shopping
3961,20,2024-06-03,2053,Bill Payment
3962,65,2025-07-10,1632,Travel
3963,54,2025-03-25,1716,Travel
3964,63,2024-04-20,1360,Travel
3965,5,2025-03-09,1519,Recharge
3966,21,2025-07-18,895,Travel
3967,33,2025-01-09,839,Recharge
3968,91,2025-04-05,2101,Investments
3969,48,2024-04-16,2952,Investments
3970,50,2025-06-28,1836,Shopping
3971,32,2024-02-10,539,Food
3972,81,2024-05-11,2994,Investments
3973,86,2024-07-15,2743,Food
3974,78,2024-08-18,1965,Food
3975,32,2025-08-20,666,Investments
3976,21,2024-08-21,150,Bill Payment
3977,83,2025-04-06,1674,Investments
3978,76,2025-06-14,429,Shopping
3979,55,2025-06-15,779,Food
3980,89,2025-07-22,1337,Recharge
3981,85,2025-04-17,1667,Food
3982,94,2024-06-10,1785,Bill Payment
3983,82,2025-04-07,2445,Shopping
3984,35,2024-09-02,816,Investments
3985,51,2024-12-06,2963,Bill Payment
3986,22,2025-08-01,3443,Bill Payment
3987,13,2025-07-13,1072,Investments
3988,54,2025-05-08,2250,Investments
3989,37,2025-01-23,800,Shopping
3990,23,2024-10-17,1634,Investments
3991,18,2025-08-13,2122,Shopping
3992,65,2025-05-29,551,Recharge
3993,28,2024-11-06,860,Bill Payment
3994,96,2024-08-19,848,Food
3995,53,2025-03-13,1905,Recharge
3996,14,2025-06-19,7613,Shopping
3997,11,2024-06-30,2901,Travel
3998,16,2024-07-15,2767,Food
3999,4,2024-11-23,5297,Travel
4000,63,2024-05-21,2855,Bill Payment
